{
  "item-states": [
    {
      "folded": false,
      "id": "mount-assets"
    },
    {
      "folded": false,
      "id": "f883ebbc-3f22-4e88-9abf-dfe3ff2540b9"
    },
    {
      "folded": false,
      "id": "aac537d9-ab9e-48ec-ac02-c0cc4abf54bf"
    },
    {
      "folded": false,
      "id": "5f2e94ee-4b52-4210-8206-f792d547c69c"
    },
    {
      "folded": false,
      "id": "cd1ec6e0-e5e2-4d93-8f63-fc785bfcb7e4"
    },
    {
      "folded": true,
      "id": "558fbe73-31b6-47c1-9716-4570148540a3"
    },
    {
      "folded": true,
      "id": "52471943-9378-43ee-845e-bb004d1eafa3"
    },
    {
      "folded": true,
      "id": "0d2e6b54-cbbd-465a-b84b-ee53d8f4df25"
    },
    {
      "folded": true,
      "id": "69fd494b-7c30-4981-9559-81be76fd6e26"
    },
    {
      "folded": true,
      "id": "edbc9d42-bbd7-48da-a399-a9c1b2637102"
    },
    {
      "folded": true,
      "id": "17cc4b42-ab12-4ae8-b34a-8442896d2129"
    },
    {
      "folded": true,
      "id": "20bdc4ce-9217-478c-8cb5-5fd1b5a4bb37"
    },
    {
      "folded": true,
      "id": "cf100a42-7536-4320-b94a-19956ad86ec2"
    },
    {
      "folded": true,
      "id": "7d7ed0c8-4211-4004-915a-ec2f76e293bd"
    },
    {
      "folded": true,
      "id": "dfa60f30-f407-4897-a73c-fcb49ff0924f"
    },
    {
      "folded": true,
      "id": "a2fc7679-24e1-4d33-a14f-862c47fbec71"
    },
    {
      "folded": true,
      "id": "d1ae1137-419f-4e28-8cfa-39229d8d7cbd"
    },
    {
      "folded": true,
      "id": "6cb504e5-611f-4cb8-9a2d-9f92ecd2941d"
    },
    {
      "folded": true,
      "id": "cf1a55dd-95d0-4cae-996f-d51afe8fea96"
    },
    {
      "folded": true,
      "id": "d3dad86f-842a-4dc7-876d-50ab5cbb6562"
    },
    {
      "folded": true,
      "id": "b4e78f21-77d1-4e68-a07d-cf4c2d0ed8c9"
    },
    {
      "folded": true,
      "id": "5b1bec4d-3ec8-4820-b507-6939c1d8e799"
    },
    {
      "folded": true,
      "id": "ac1ee8ca-292d-4826-9620-34634fd19c4b"
    },
    {
      "folded": true,
      "id": "a355fcec-9e8f-4411-8ab4-e5514776cfa6"
    },
    {
      "folded": true,
      "id": "f9dea8a0-19f6-40b9-9f5e-b04cf486b611"
    },
    {
      "folded": true,
      "id": "84db10ea-fd71-4013-a96e-fb437928472d"
    },
    {
      "folded": true,
      "id": "7c517472-8732-499d-8ed3-82b476e1d19d"
    },
    {
      "folded": true,
      "id": "1dbeb532-d32a-456e-a647-9bdfcba96c36"
    },
    {
      "folded": true,
      "id": "c86dfd4e-f0c8-4402-b6cc-56c211ebb23f"
    },
    {
      "folded": true,
      "id": "003f303f-ce14-452b-8d24-eb7b92d5431a"
    },
    {
      "folded": true,
      "id": "174e1bee-a172-4290-8a23-c4d111200a7e"
    },
    {
      "folded": true,
      "id": "1dec71b1-8cbc-48af-be1d-beb786805a05"
    },
    {
      "folded": true,
      "id": "d9b67104-161f-4004-9bec-9af8fdc39278"
    },
    {
      "folded": true,
      "id": "ee535342-837c-413b-b66d-5994ba0b3ea8"
    },
    {
      "folded": true,
      "id": "5e908ce9-90e6-43b8-88c3-4f671116558d"
    },
    {
      "folded": true,
      "id": "b39f0f1b-0f7a-4478-8883-c94324f0a926"
    },
    {
      "folded": true,
      "id": "500e5f62-b976-48d5-989e-9bbc19f083de"
    },
    {
      "folded": true,
      "id": "eb372505-4dd5-4235-bf42-c76b970da81b"
    },
    {
      "folded": true,
      "id": "aa6169f2-8bfe-4c75-9dcd-0507c1a17cf7"
    },
    {
      "folded": true,
      "id": "a970b8d8-d76b-4c79-ada8-2a299786a030"
    },
    {
      "folded": true,
      "id": "784e417a-0d2c-47e9-bdb2-e6592f54da67"
    }
  ]
}