{
  "item-states": [
    {
      "folded": false,
      "id": "eaaae87BdFf7IyGiZpW+9D"
    },
    {
      "folded": false,
      "id": "74+oVvkVZPS5wAoEDnHGv5"
    },
    {
      "folded": false,
      "id": "42d31QRkvlJrZCxoGpWuPOT"
    },
    {
      "folded": false,
      "id": "631b4fWdIlOf7U6vffC9Unh"
    },
    {
      "folded": false,
      "id": "5f2aak84R1Ir591AfH5M6z2"
    },
    {
      "folded": false,
      "id": "3d0f4bQQhtHfIfHCcDyg/bz"
    },
    {
      "folded": false,
      "id": "45022GTOH9OKqeOC/I9/gI8"
    },
    {
      "folded": false,
      "id": "e9a16yk37hMJYltanBEwCco"
    },
    {
      "folded": false,
      "id": "93YUjb8B1I+bbvUWTiaJ8i"
    },
    {
      "folded": false,
      "id": "baIYrZmfxC8okAv0gQ7w3s"
    },
    {
      "folded": false,
      "id": "9eRgNHlftHzI12FHLtCWFh"
    },
    {
      "folded": false,
      "id": "7888cZ7UpxJW7PInadCOpUp"
    },
    {
      "folded": false,
      "id": "e9BEMTsttEaqaob2tbPYCa"
    },
    {
      "folded": false,
      "id": "1f7J5SDBhCB6LK7ynM2gbr"
    },
    {
      "folded": false,
      "id": "0bcc8iUsjlJ7KCiCzunTKEb"
    },
    {
      "folded": false,
      "id": "61AaIe3BRJRotm7ErjohJT"
    },
    {
      "folded": false,
      "id": "b6++s5kOpAV70F0evWMqkt"
    },
    {
      "folded": false,
      "id": "e2LYhS1UhIq7J12JvGSGYl"
    },
    {
      "folded": false,
      "id": "73f4865sgpNspShRNsdNFst"
    },
    {
      "folded": false,
      "id": "d6I/WckJVEkqRSas0qBDEe"
    },
    {
      "folded": false,
      "id": "b5Ygy0epBJyqXhXCbgLsv6"
    },
    {
      "folded": false,
      "id": "f0296ASX2FL/6SRcpElEYh+"
    }
  ]
}