[{"__type__":"cc.SpriteFrame","content":{"name":"star_00005","texture":"7bb+32Am5ERayF24JxrIgI","rect":[0,0,400,400],"offset":[0,0],"originalSize":[400,400]}},{"__type__":"cc.SpriteFrame","content":{"name":"dati_woniushentou_00007","texture":"0cDShk7glIxJjlzj41QsOp","rect":[0,0,288,288],"offset":[0,0],"originalSize":[288,288]}},{"__type__":"cc.AnimationClip","_name":"boardLostAnimIn","_duration":2.12,"sample":25,"curveData":{"props":{"rotation":[{"frame":1.04,"value":0},{"frame":1.32,"value":13},{"frame":1.6,"value":-7},{"frame":1.84,"value":0}],"scaleX":[{"frame":0,"value":0,"curve":"linear"},{"frame":0.28,"value":1.26},{"frame":0.48,"value":1},{"frame":1.84,"value":1},{"frame":1.96,"value":1.26},{"frame":2.12,"value":0}],"scaleY":[{"frame":0,"value":0},{"frame":0.28,"value":1.26},{"frame":0.48,"value":1},{"frame":1.84,"value":1},{"frame":1.96,"value":1.26},{"frame":2.12,"value":0}],"opacity":[{"frame":0,"value":255,"curve":"constant"},{"frame":2.12,"value":0}]}}},{"__type__":"cc.SpriteFrame","content":{"name":"numBg","texture":"a9cLjY12tMea2oKimXhqAw","rect":[13,13,54,54],"offset":[0,0],"originalSize":[80,80]}},{"__type__":"cc.SpriteFrame","content":{"name":"kaichang_woniu_00003","texture":"d5PhQOLXJK6711U+iGZlFI","rect":[0,0,288,288],"offset":[0,0],"originalSize":[288,288]}},{"__type__":"cc.SpriteFrame","content":{"name":"dati_woniushentou_00016","texture":"ddGoomwshIkYBHsH4v1OZC","rect":[0,0,288,288],"offset":[0,0],"originalSize":[288,288]}},{"__type__":"cc.AnimationClip","_name":"Chibang_L","_duration":0.48,"sample":25,"wrapMode":2,"curveData":{"props":{"rotation":[{"frame":0,"value":-23},{"frame":0.24,"value":23},{"frame":0.48,"value":-23}]}}},{"__type__":"cc.SpriteFrame","content":{"name":"chibang_r","texture":"a90ptwAI5DZZ4s9iNoin8W","rect":[0,0,76,67],"offset":[0,0],"originalSize":[76,67]}},{"__type__":"cc.AnimationClip","_name":"fishCongratulations","_duration":2.32,"sample":25,"curveData":{"props":{"y":[{"frame":0,"value":95},{"frame":0,"value":95,"curve":"cubicInOut"},{"frame":0.48,"value":268,"curve":"cubicInOut"},{"frame":0.88,"value":265,"curve":"cubicInOut"},{"frame":1.2,"value":95}],"rotation":[{"frame":0,"value":0,"curve":"cubicInOut"},{"frame":0.48,"value":20,"curve":"cubicInOut"},{"frame":0.88,"value":-14,"curve":"cubicInOut"},{"frame":1.2,"value":0}],"x":[{"frame":0,"value":1865}]},"comps":{"cc.Sprite":{}}},"events":[{"frame":2.32,"func":"feedbackFinish","params":[]}]},{"__type__":"cc.SpriteFrame","content":{"name":"haidai_left","texture":"69WsCa96NJqLIlQVYxleCu","rect":[0,0,204,364],"offset":[0,0],"originalSize":[204,364]}},{"__type__":"cc.AnimationClip","_name":"OptionA","_duration":1.72,"sample":25,"curveData":{"props":{"position":[{"frame":0,"value":[-834,-872]},{"frame":0.32,"value":[-834,-872]},{"frame":1,"value":[-42,-848]},{"frame":1.36,"value":[463,-1084]},{"frame":1.72,"value":[750,-872]}],"opacity":[{"frame":0,"value":255}]}}},{"__type__":"cc.SpriteFrame","content":{"name":"star_00018","texture":"45E5tJMaZLirVlUP14u3xO","rect":[0,0,400,400],"offset":[0,0],"originalSize":[400,400]}},{"__type__":"cc.AnimationClip","_name":"SnailClimb","_duration":0.52,"sample":25,"wrapMode":2,"curveData":{"comps":{"cc.Sprite":{"spriteFrame":[{"frame":0,"value":{"__uuid__":"470sj/pPhE6Kp2hDqce8qY"}},{"frame":0.04,"value":{"__uuid__":"70PomRRi1BSKR0GRYxV6W3"}},{"frame":0.08,"value":{"__uuid__":"2c1KVRQEFHNY2peFU7Lq7d"}},{"frame":0.12,"value":{"__uuid__":"eaFoqV4z5NDJjo9dV4PZ60"}},{"frame":0.16,"value":{"__uuid__":"6aBPptzN5He71wO6PKAUQE"}},{"frame":0.2,"value":{"__uuid__":"c1oYBCCDVM0KvdR0exq6bh"}},{"frame":0.24,"value":{"__uuid__":"aapzi8MN5KlaCiqcb+pMH3"}},{"frame":0.28,"value":{"__uuid__":"c5a5le3/xMc7k0PdycV9A+"}},{"frame":0.32,"value":{"__uuid__":"bckBBfxQZES7xRjcekug54"}},{"frame":0.36,"value":{"__uuid__":"81XJMBI9tE5bUXHp5+4cQr"}},{"frame":0.4,"value":{"__uuid__":"c2Q6r+jVhNSqTSF/a7IRtD"}},{"frame":0.44,"value":{"__uuid__":"32Zcu2K6NFa4F3FbWnoO3d"}},{"frame":0.48,"value":{"__uuid__":"6bmBGon3RM3bdFP7uALLu0"}}]}}}},{"__type__":"cc.SpriteFrame","content":{"name":"kaichang_woniu_00012","texture":"8fkOjky3hLkpDXYJd+6Lv3","rect":[0,0,288,288],"offset":[0,0],"originalSize":[288,288]}},{"__type__":"cc.SpriteFrame","content":{"name":"qingwa_zhangzui_00008","texture":"68EsComadMzpHFkTKs+9Yw","rect":[0,0,397,297],"offset":[0,0],"originalSize":[397,297]}},{"__type__":"cc.SpriteFrame","content":{"name":"qingwa_zhangzui_00007","texture":"707Oz0+2BBe5icVbetrnWi","rect":[0,0,397,297],"offset":[0,0],"originalSize":[397,297]}},{"__type__":"cc.SpriteFrame","content":{"name":"kaichang_woniu_00006","texture":"deztbEPUpIz5vyxr3RPzB+","rect":[0,0,288,288],"offset":[0,0],"originalSize":[288,288]}},{"__type__":"cc.SpriteFrame","content":{"name":"clock","texture":"c8bf1O8MhEArbMVsIR67I/","rect":[0,0,90,90],"offset":[0,0],"originalSize":[90,90]}},{"__type__":"cc.SpriteFrame","content":{"name":"numBg1","texture":"78TkF6DSxH6b2y5lkvVNpn","rect":[1,1,78,78],"offset":[0,0],"originalSize":[80,80]}},{"__type__":"cc.SpriteFrame","content":{"name":"star_00006","texture":"f4CO4imp5Pi5oQz8h3ers0","rect":[0,0,400,400],"offset":[0,0],"originalSize":[400,400]}},{"__type__":"cc.SpriteFrame","content":{"name":"qingwa_zhangzui_00003","texture":"dcx/LXxNBHcZBUFt/c82yw","rect":[0,0,397,297],"offset":[0,0],"originalSize":[397,297]}},{"__type__":"cc.SpriteFrame","content":{"name":"kaichang_woniu_00015","texture":"4fYgDIQptDfI5XjTMr6rhu","rect":[0,0,288,288],"offset":[0,0],"originalSize":[288,288]}},{"__type__":"cc.AnimationClip","_name":"OptionC","_duration":1.72,"sample":25,"curveData":{"props":{"position":[{"frame":0,"value":[359,-868]},{"frame":0.32,"value":[359,-868]},{"frame":0.64,"value":[78,-740]},{"frame":1,"value":[433,-1013]},{"frame":1.36,"value":[941,-746]},{"frame":1.72,"value":[1225,-868]}],"opacity":[{"frame":0,"value":255,"curve":"constant"}]}}},{"__type__":"cc.SpriteFrame","content":{"name":"kaichang_woniu_00017","texture":"99Lms8GFdAk6HpQb2Kioyn","rect":[0,0,288,288],"offset":[0,0],"originalSize":[288,288]}},{"__type__":"cc.AnimationClip","_name":"boardWinAnimIn","_duration":2.32,"sample":25,"curveData":{"props":{"rotation":[{"frame":1.16,"value":0},{"frame":1.48,"value":13},{"frame":1.8,"value":-7},{"frame":2.04,"value":0}],"scaleX":[{"frame":0.2,"value":0,"curve":"linear"},{"frame":0.48,"value":1.26},{"frame":0.68,"value":1},{"frame":2.04,"value":1},{"frame":2.16,"value":1.26},{"frame":2.32,"value":0}],"scaleY":[{"frame":0.2,"value":0},{"frame":0.48,"value":1.26},{"frame":0.68,"value":1},{"frame":2.04,"value":1},{"frame":2.16,"value":1.26},{"frame":2.32,"value":0}],"opacity":[{"frame":0,"value":255,"curve":"constant"},{"frame":2.32,"value":0}]}}},{"__type__":"cc.SpriteFrame","content":{"name":"woniu_pa_00002","texture":"c4mwWiOs5OZLoUXN3AkyzO","rect":[0,0,288,288],"offset":[0,0],"originalSize":[288,288]}},{"__type__":"cc.AnimationClip","_name":"Tongue_A","_duration":0.56,"sample":25,"curveData":{"props":{"rotation":[{"frame":0,"value":-37}],"scaleY":[{"frame":0,"value":0},{"frame":0.08,"value":0},{"frame":0.24,"value":0.9},{"frame":0.44,"value":0.9},{"frame":0.56,"value":0}]}}},{"__type__":"cc.SpriteFrame","content":{"name":"jiesuan_qingwa_hand_l","texture":"cbkLuovXdJzYiuCqvcLfDH","rect":[0,0,63,126],"offset":[0,0],"originalSize":[63,126]}},{"__type__":"cc.SpriteFrame","content":{"name":"kaichang_woniu_00011","texture":"deRfHeqe5CRqt1ORRq8NMz","rect":[0,0,288,288],"offset":[0,0],"originalSize":[288,288]}},{"__type__":"cc.SpriteFrame","content":{"name":"kaichang_woniu_00016","texture":"d7ej5BK0pOfotWOGvOJZvv","rect":[0,0,288,288],"offset":[0,0],"originalSize":[288,288]}},{"__type__":"cc.SpriteFrame","content":{"name":"woniu_pa_00011","texture":"b8BNBiKNFBj5CN3bz2EDRA","rect":[0,0,288,288],"offset":[0,0],"originalSize":[288,288]}},{"__type__":"cc.AnimationClip","_name":"SnailStart","_duration":0.84,"sample":25,"speed":0.5,"curveData":{"comps":{"cc.Sprite":{"spriteFrame":[{"frame":0,"value":{"__uuid__":"98xbrwsfpH8pnP6uheGl5A"}},{"frame":0.04,"value":{"__uuid__":"76XjBR8bpMFajKggO7npi6"}},{"frame":0.08,"value":{"__uuid__":"d1CcJ6iHZGUbk1PWEeklSf"}},{"frame":0.12,"value":{"__uuid__":"05n5A1d8ZCWYCPOeooUFam"}},{"frame":0.16,"value":{"__uuid__":"66CqUSIAlIar6xshG1548H"}},{"frame":0.2,"value":{"__uuid__":"605ZvUrytCFqx19o8evA1v"}},{"frame":0.24,"value":{"__uuid__":"1bBo0N1/lEQpBfgxmYxBSW"}},{"frame":0.28,"value":{"__uuid__":"f0vjde295JtL/yAyYk+nNo"}},{"frame":0.32,"value":{"__uuid__":"e05fa+XpVAx4QG5gxlJUvo"}},{"frame":0.36,"value":{"__uuid__":"9ceUYlUcZGu6DmQOamON7o"}},{"frame":0.4,"value":{"__uuid__":"5cUfVrbhtLSLAsG5IqG77o"}},{"frame":0.44,"value":{"__uuid__":"2fqjkAUTVHqJz1gluSUkdG"}},{"frame":0.48,"value":{"__uuid__":"19Ehgpc7NCLK8nmiLkVUC6"}},{"frame":0.52,"value":{"__uuid__":"50lH27v61Fv46W7CcD1DQV"}},{"frame":0.56,"value":{"__uuid__":"61tQlT6hJM/ZXClK7RJAQO"}},{"frame":0.6,"value":{"__uuid__":"26vUWXcIVANbDJxTpzpIpR"}},{"frame":0.64,"value":{"__uuid__":"30SMMvZXtO1K0/A+0eNC9a"}},{"frame":0.68,"value":{"__uuid__":"28WAwrtLdLOZAy3T1W1XPc"}},{"frame":0.72,"value":{"__uuid__":"96XbtJHVVO2qVvWlVWQJK3"}},{"frame":0.76,"value":{"__uuid__":"eecybGzeNMl4EDixAuaCVo"}},{"frame":0.8,"value":{"__uuid__":"d2cGwV6IZF8KS8HGHq75+L"}}]}}}},{"__type__":"cc.SpriteFrame","content":{"name":"qingwa_fennu_2","texture":"96ZSfDsxBDSowytldZ9prp","rect":[0,0,300,360],"offset":[0,0],"originalSize":[300,360]}},{"__type__":"cc.AnimationClip","_name":"fishRefuel","_duration":2.12,"sample":25,"curveData":{"comps":{"cc.Sprite":{}},"props":{"rotation":[{"frame":0,"value":0,"curve":"cubicInOut"},{"frame":0.28,"value":20,"curve":"cubicInOut"},{"frame":0.52,"value":-9,"curve":"cubicInOut"},{"frame":0.76,"value":9.1,"curve":"cubicInOut"},{"frame":0.96,"value":0}],"position":[{"frame":0,"value":[1865,95]}]}},"events":[{"frame":2.12,"func":"feedbackFinish","params":[]}]},{"__type__":"cc.AnimationClip","_name":"Go_A","_duration":1.72,"sample":25,"curveData":{"props":{"position":[{"frame":0,"value":[750,-872]},{"frame":0.32,"value":[750,-872]},{"frame":1,"value":[1542,-848]},{"frame":1.36,"value":[2047,-1084]},{"frame":1.72,"value":[2334,-872]}],"opacity":[{"frame":0,"value":255,"curve":"constant"},{"frame":1.72,"value":0}]}}},{"__type__":"cc.AnimationClip","_name":"Chibang_R","_duration":0.48,"sample":25,"wrapMode":2,"curveData":{"props":{"rotation":[{"frame":0,"value":23},{"frame":0.24,"value":-23},{"frame":0.48,"value":23}]}}},{"__type__":"cc.SpriteFrame","content":{"name":"timeout","texture":"b2dcPEjLVKqZIngjEPj2WF","rect":[0,0,430,380],"offset":[0,0],"originalSize":[430,380]}},{"__type__":"cc.SpriteFrame","content":{"name":"qingwa_zhangzui_00001","texture":"adzSjMR81PoZyT9mNzWE8U","rect":[0,0,397,297],"offset":[0,0],"originalSize":[397,297]}},{"__type__":"cc.AnimationClip","_name":"Tongue_C","_duration":0.56,"sample":25,"curveData":{"props":{"rotation":[{"frame":0,"value":15}],"scaleY":[{"frame":0,"value":0},{"frame":0.08,"value":0},{"frame":0.24,"value":0.79},{"frame":0.44,"value":0.79},{"frame":0.56,"value":0}]}}},{"__type__":"cc.SpriteFrame","content":{"name":"woniu_pa_00000","texture":"eexQ/nwShC+7pLv4H2hugF","rect":[0,0,288,288],"offset":[0,0],"originalSize":[288,288]}},{"__type__":"cc.AnimationClip","_name":"Tongue_D","_duration":0.56,"sample":25,"curveData":{"props":{"rotation":[{"frame":0,"value":55}],"scaleY":[{"frame":0,"value":0},{"frame":0.08,"value":0},{"frame":0.24,"value":0.7},{"frame":0.44,"value":0.7},{"frame":0.56,"value":0}]}}},{"__type__":"cc.SpriteFrame","content":{"name":"qingwa_zhangzui_00012","texture":"94IySQuABN+JO1wLweFn4h","rect":[0,0,397,297],"offset":[0,0],"originalSize":[397,297]}},{"__type__":"cc.AnimationClip","_name":"FrogWrong","_duration":0.4,"sample":5,"wrapMode":2,"curveData":{"comps":{"cc.Sprite":{"spriteFrame":[{"frame":0,"value":{"__uuid__":"c8eXjLMANJLKGEmKr2rs27"}},{"frame":0.2,"value":{"__uuid__":"35RqaketJDuagxgvS4mB9a"}}]}}}},{"__type__":"cc.SpriteFrame","content":{"name":"dati_woniushentou_00013","texture":"eclM+8/UFITpRv/AzS9/KP","rect":[0,0,288,288],"offset":[0,0],"originalSize":[288,288]}},{"__type__":"cc.SpriteFrame","content":{"name":"star_00014","texture":"51SinzkblOpb+W32HnUIrt","rect":[0,0,400,400],"offset":[0,0],"originalSize":[400,400]}},{"__type__":"cc.SpriteFrame","content":{"name":"btnNext","texture":"b3nw8bD3pEeIiDyUMk8Kkm","rect":[16,19,47,42],"offset":[-0.5,0],"originalSize":[80,80]}},{"__type__":"cc.SpriteFrame","content":{"name":"kaichang_woniu_00013","texture":"a9H6p3UMpHaqHZ4X54F+O8","rect":[0,0,288,288],"offset":[0,0],"originalSize":[288,288]}},{"__type__":"cc.SpriteFrame","content":{"name":"star_00001","texture":"7alxLA7yxPDplnXjhgTCNC","rect":[0,0,400,400],"offset":[0,0],"originalSize":[400,400]}},{"__type__":"cc.AnimationClip","_name":"Tongue_B","_duration":0.56,"sample":25,"curveData":{"props":{"rotation":[{"frame":0,"value":-20}],"scaleY":[{"frame":0,"value":0},{"frame":0.08,"value":0},{"frame":0.24,"value":0.56},{"frame":0.44,"value":0.56},{"frame":0.56,"value":0}]}}},{"__type__":"cc.AnimationClip","_name":"Hand_L","_duration":0.88,"sample":25,"curveData":{"props":{"scaleY":[{"frame":0,"value":-1}],"rotation":[{"frame":0,"value":-67},{"frame":0.16,"value":50},{"frame":0.4,"value":-73},{"frame":0.68,"value":45},{"frame":0.88,"value":-67}]}}},{"__type__":"cc.AnimationClip","_name":"Go_C","_duration":1.72,"sample":25,"curveData":{"props":{"position":[{"frame":0,"value":[1225,-868]},{"frame":0.32,"value":[1225,-868]},{"frame":0.64,"value":[944,-740]},{"frame":1,"value":[1299,-1013]},{"frame":1.36,"value":[1807,-746]},{"frame":1.72,"value":[2091,-868]}],"opacity":[{"frame":0,"value":255,"curve":"constant"},{"frame":1.72,"value":0}]}}},{"__type__":"cc.SpriteFrame","content":{"name":"dati_woniushentou_00010","texture":"42sNus9WRGepcCB1y8V9sS","rect":[0,0,288,288],"offset":[0,0],"originalSize":[288,288]}},{"__type__":"cc.SpriteFrame","content":{"name":"kaichang_woniu_00010","texture":"27vRk39gpPj470lxNZ6obO","rect":[0,0,288,288],"offset":[0,0],"originalSize":[288,288]}},{"__type__":"cc.SpriteFrame","content":{"name":"star_00012","texture":"f0p+DX7rVBlqzzo2dt7O62","rect":[0,0,400,400],"offset":[0,0],"originalSize":[400,400]}},{"__type__":"cc.SpriteFrame","content":{"name":"chibang_l","texture":"a998M2B+hKiquU7CTnsdrA","rect":[0,0,75,68],"offset":[0,0],"originalSize":[75,68]}},{"__type__":"cc.SpriteFrame","content":{"name":"kaichang_woniu_00005","texture":"8bPNuTrTZL/pPMcqydR513","rect":[0,0,288,288],"offset":[0,0],"originalSize":[288,288]}},{"__type__":"cc.SpriteFrame","content":{"name":"kaichang_woniu_00014","texture":"f1p9F/HgBBE6P0C57sxMiy","rect":[0,0,288,288],"offset":[0,0],"originalSize":[288,288]}},{"__type__":"cc.SpriteFrame","content":{"name":"star_00002","texture":"3bIB3NzTFE2KTwMJ+8htIv","rect":[0,0,400,400],"offset":[0,0],"originalSize":[400,400]}},{"__type__":"cc.SpriteFrame","content":{"name":"kaichang_woniu_00004","texture":"2fHZWE56dCYI+jG8VkpzcM","rect":[0,0,288,288],"offset":[0,0],"originalSize":[288,288]}},[{"__type__":"cc.Prefab","_name":"Scale","data":{"__id__":1},"asyncLoadAssets":null},{"__type__":"cc.Node","_name":"Scale","_children":[{"__id__":2}],"_components":[{"__type__":"cc.Sprite","node":{"__id__":1},"_spriteFrame":{"__uuid__":"a2MjXRFdtLlYQ5ouAFv/+R"},"_sizeMode":0}],"_prefab":{"__type__":"cc.PrefabInfo","root":{"__id__":1},"asset":{"__uuid__":"67Ioac/ChBW4oW4BKDz2nh"},"fileId":"29lLsISERFiKI6Oz2u/sio"},"_color":{"__type__":"cc.Color","r":188,"g":214,"b":243},"_anchorPoint":{"__type__":"cc.Vec2","x":1,"y":0.5},"_contentSize":{"__type__":"cc.Size","width":88,"height":10},"_position":{"__type__":"cc.Vec2","y":5}},{"__type__":"cc.Node","_name":"Number","_parent":{"__id__":1},"_components":[{"__type__":"cc.Label","node":{"__id__":2},"_useOriginalSize":false,"_actualFontSize":30,"_fontSize":30,"_lineHeight":30,"_N$string":"0m","_N$verticalAlign":1,"_N$fontFamily":"FZY4JW--GB1-0"}],"_prefab":{"__type__":"cc.PrefabInfo","root":{"__id__":1},"asset":{"__uuid__":"67Ioac/ChBW4oW4BKDz2nh"},"fileId":"6bTEOKwvlFGZkT0dYhmXG2"},"_color":{"__type__":"cc.Color","r":188,"g":214,"b":243},"_anchorPoint":{"__type__":"cc.Vec2"},"_contentSize":{"__type__":"cc.Size","width":38.33,"height":30},"_position":{"__type__":"cc.Vec2","x":-88,"y":10}}],[{"__type__":"cc.Prefab","_name":"questionNumScrollView_node","data":{"__id__":1},"asyncLoadAssets":null},{"__type__":"cc.Node","_name":"questionNumScrollView_node","_children":[{"__id__":2},{"__id__":3},{"__id__":6}],"_components":[{"__type__":"cc.ScrollView","node":{"__id__":1},"_enabled":false,"content":{"__id__":2},"vertical":false,"inertia":false,"brake":0.8,"elastic":false},{"__type__":"cc.Widget","node":{"__id__":1},"_alignFlags":33,"_right":18,"_top":36},{"__type__":"7a656I23ulAK7kDASga7f0X","node":{"__id__":1},"lastBtn":{"__id__":3},"nextBtn":{"__id__":6},"quertionNum":{"__uuid__":"6ej5L5SmVCNrRLsdSDbTzx"},"questionNum_node":{"__id__":2}}],"_prefab":{"__type__":"cc.PrefabInfo","root":{"__id__":1},"asset":{"__uuid__":"67agmZiN1FIaJRAHU8GR+I"},"fileId":"8c00fwaLetFbb4m39u+QawN"},"_contentSize":{"__type__":"cc.Size","width":720,"height":160},"_position":{"__type__":"cc.Vec2","x":1670,"y":1420}},{"__type__":"cc.Node","_name":"questionNum_node","_parent":{"__id__":1},"_components":[{"__type__":"cc.Layout","node":{"__id__":2},"_layoutSize":{"__type__":"cc.Size","width":560,"height":160},"_N$layoutType":1,"_N$spacingY":20}],"_prefab":{"__type__":"cc.PrefabInfo","root":{"__id__":1},"asset":{"__uuid__":"67agmZiN1FIaJRAHU8GR+I"},"fileId":"25c5bgaZfxF3I+e/2Foql5S"},"_contentSize":{"__type__":"cc.Size","width":560,"height":160}},{"__type__":"cc.Node","_name":"btnLast","_parent":{"__id__":1},"_children":[{"__id__":4},{"__id__":5}],"_components":[{"__type__":"cc.Widget","node":{"__id__":3},"_alignFlags":8},{"__type__":"cc.Button","node":{"__id__":3},"transition":2,"clickEvents":[{"__type__":"cc.ClickEvent","target":{"__id__":1},"component":"QuestionNumListJS","handler":"clickLast"}],"_N$normalSprite":{"__uuid__":"8eIxgx7LNOaYfUnHSK3Lae"},"_N$pressedSprite":{"__uuid__":"c8j2O1A9lAgZOCmYw9+D+k"},"pressedSprite":{"__uuid__":"c8j2O1A9lAgZOCmYw9+D+k"},"_N$hoverSprite":{"__uuid__":"c8j2O1A9lAgZOCmYw9+D+k"},"hoverSprite":{"__uuid__":"c8j2O1A9lAgZOCmYw9+D+k"},"_N$target":{"__id__":3}}],"_prefab":{"__type__":"cc.PrefabInfo","root":{"__id__":1},"asset":{"__uuid__":"67agmZiN1FIaJRAHU8GR+I"},"fileId":"b8a66KUiltAlZw3ZXXhR+yd"},"_contentSize":{"__type__":"cc.Size","width":80,"height":80},"_position":{"__type__":"cc.Vec2","x":-320}},{"__type__":"cc.Node","_name":"btnLast","_parent":{"__id__":3},"_components":[{"__type__":"cc.Sprite","node":{"__id__":4},"_spriteFrame":{"__uuid__":"8eIxgx7LNOaYfUnHSK3Lae"}}],"_prefab":{"__type__":"cc.PrefabInfo","root":{"__id__":1},"asset":{"__uuid__":"67agmZiN1FIaJRAHU8GR+I"},"fileId":"b1d3bZPWydEo4muQrVU3Fbx"},"_contentSize":{"__type__":"cc.Size","width":51,"height":40}},{"__type__":"cc.Node","_name":"btnLast1","_parent":{"__id__":3},"_components":[{"__type__":"cc.Sprite","node":{"__id__":5},"_spriteFrame":{"__uuid__":"c8j2O1A9lAgZOCmYw9+D+k"}}],"_prefab":{"__type__":"cc.PrefabInfo","root":{"__id__":1},"asset":{"__uuid__":"67agmZiN1FIaJRAHU8GR+I"},"fileId":"e4a6fRBImNAuJC6uYAdRVI0"},"_contentSize":{"__type__":"cc.Size","width":52,"height":40}},{"__type__":"cc.Node","_name":"btnNext","_parent":{"__id__":1},"_children":[{"__id__":7},{"__id__":8}],"_components":[{"__type__":"cc.Widget","node":{"__id__":6},"_alignFlags":32,"_right":16.5},{"__type__":"cc.Button","node":{"__id__":6},"transition":3,"zoomScale":0.86,"clickEvents":[{"__type__":"cc.ClickEvent","target":{"__id__":1},"component":"QuestionNumListJS","handler":"clickNext"}],"_N$normalSprite":{"__uuid__":"50K+3hDAFLL5cQq+v/oVrF"},"_N$pressedSprite":{"__uuid__":"c1xQDBxHlF7ZLODH0FO0sF"},"pressedSprite":{"__uuid__":"c1xQDBxHlF7ZLODH0FO0sF"},"_N$hoverSprite":{"__uuid__":"c1xQDBxHlF7ZLODH0FO0sF"},"hoverSprite":{"__uuid__":"c1xQDBxHlF7ZLODH0FO0sF"},"_N$target":{"__id__":6}},{"__type__":"cc.Sprite","node":{"__id__":6},"_enabled":false,"_spriteFrame":{"__uuid__":"50K+3hDAFLL5cQq+v/oVrF"}}],"_prefab":{"__type__":"cc.PrefabInfo","root":{"__id__":1},"asset":{"__uuid__":"67agmZiN1FIaJRAHU8GR+I"},"fileId":"e174cZ5hFRFLpc3RtrZLQNj"},"_contentSize":{"__type__":"cc.Size","width":47,"height":42},"_position":{"__type__":"cc.Vec2","x":320}},{"__type__":"cc.Node","_name":"btnNext","_parent":{"__id__":6},"_components":[{"__type__":"cc.Sprite","node":{"__id__":7},"_spriteFrame":{"__uuid__":"50K+3hDAFLL5cQq+v/oVrF"}}],"_prefab":{"__type__":"cc.PrefabInfo","root":{"__id__":1},"asset":{"__uuid__":"67agmZiN1FIaJRAHU8GR+I"},"fileId":"b663fw+rfFHLbc++6ydBfCB"},"_contentSize":{"__type__":"cc.Size","width":47,"height":42}},{"__type__":"cc.Node","_name":"btnNext1","_parent":{"__id__":6},"_components":[{"__type__":"cc.Sprite","node":{"__id__":8},"_spriteFrame":{"__uuid__":"c1xQDBxHlF7ZLODH0FO0sF"}}],"_prefab":{"__type__":"cc.PrefabInfo","root":{"__id__":1},"asset":{"__uuid__":"67agmZiN1FIaJRAHU8GR+I"},"fileId":"6205bW0CopDzLPP/OatQz/m"},"_contentSize":{"__type__":"cc.Size","width":47,"height":42}}],{"__type__":"cc.SpriteFrame","content":{"name":"qingwa_zhangzui_00013","texture":"41bpvTanNHkbBBG8wVJGnO","rect":[0,0,397,297],"offset":[0,0],"originalSize":[397,297]}},{"__type__":"cc.SpriteFrame","content":{"name":"star_00015","texture":"65o1oDvzZDr7OhYiDdH845","rect":[0,0,400,400],"offset":[0,0],"originalSize":[400,400]}},{"__type__":"cc.SpriteFrame","content":{"name":"woniu_pa_00004","texture":"c3CiV4WxBMLLqhamew1AWY","rect":[0,0,288,288],"offset":[0,0],"originalSize":[288,288]}},{"__type__":"cc.SpriteFrame","content":{"name":"fish_come_on","texture":"2483LP/hhBAYCQ/wSQS2ON","rect":[0,0,430,380],"offset":[0,0],"originalSize":[430,380]}},{"__type__":"cc.SpriteFrame","content":{"name":"woniu_pa_00012","texture":"2eZOXJShNJbrclMUNxw1fX","rect":[0,0,288,288],"offset":[0,0],"originalSize":[288,288]}},{"__type__":"cc.AnimationClip","_name":"Go_D","_duration":1.72,"sample":25,"curveData":{"props":{"position":[{"frame":0,"value":[1462,-1086]},{"frame":0.32,"value":[1462,-1086]},{"frame":0.64,"value":[1503,-1144]},{"frame":1,"value":[2010,-850]},{"frame":1.36,"value":[2516,-1086]},{"frame":1.72,"value":[2802,-1086]}],"opacity":[{"frame":0,"value":255,"curve":"constant"},{"frame":1.72,"value":0}]}}},{"__type__":"cc.SpriteFrame","content":{"name":"dati_woniushentou_00000","texture":"6bt7gpUX9MVbwpP2FDjH3T","rect":[0,0,288,288],"offset":[0,0],"originalSize":[288,288]}},[{"__type__":"cc.Prefab","_name":"questionNum","data":{"__id__":1},"asyncLoadAssets":null},{"__type__":"cc.Node","_name":"num1","_children":[{"__id__":2},{"__id__":3},{"__id__":4}],"_components":[{"__type__":"cc.Button","node":{"__id__":1},"clickEvents":[{"__type__":"cc.ClickEvent","target":{"__id__":1},"component":"QuestionNumJS","handler":"onClick"}],"_N$target":{"__id__":1}},{"__type__":"511ccnUhPdEV5sMRHkmPNf2","node":{"__id__":1},"label":{"__id__":5},"selected_node":{"__id__":3}}],"_prefab":{"__type__":"cc.PrefabInfo","root":{"__id__":1},"asset":{"__uuid__":"6ej5L5SmVCNrRLsdSDbTzx"},"fileId":"6655eOU7NFH3LPqGM2pTuOZ"},"_contentSize":{"__type__":"cc.Size","width":80,"height":80}},{"__type__":"cc.Node","_name":"normal","_parent":{"__id__":1},"_components":[{"__type__":"cc.Sprite","node":{"__id__":2},"_spriteFrame":{"__uuid__":"05TNQjFSBLhZb/ovGkCwyG"},"_sizeMode":0}],"_prefab":{"__type__":"cc.PrefabInfo","root":{"__id__":1},"asset":{"__uuid__":"6ej5L5SmVCNrRLsdSDbTzx"},"fileId":"3ccd3dXppxAXIIGd31pP3De"},"_contentSize":{"__type__":"cc.Size","width":54,"height":54}},{"__type__":"cc.Node","_name":"selected","_parent":{"__id__":1},"_components":[{"__type__":"cc.Sprite","node":{"__id__":3},"_spriteFrame":{"__uuid__":"1f5yDMCBNPsbMKnnC9if28"},"_sizeMode":0}],"_prefab":{"__type__":"cc.PrefabInfo","root":{"__id__":1},"asset":{"__uuid__":"6ej5L5SmVCNrRLsdSDbTzx"},"fileId":"4f532Hc5HFDT5jwhUowk9vp"},"_opacity":0,"_contentSize":{"__type__":"cc.Size","width":80,"height":80}},{"__type__":"cc.Node","_name":"label","_parent":{"__id__":1},"_components":[{"__id__":5},{"__type__":"cc.LabelOutline","node":{"__id__":4},"_color":{"__type__":"cc.Color","r":172,"g":126,"b":1},"_width":3}],"_prefab":{"__type__":"cc.PrefabInfo","root":{"__id__":1},"asset":{"__uuid__":"6ej5L5SmVCNrRLsdSDbTzx"},"fileId":"ac2b4Jrq8VEu6wB6cseqvSM"},"_contentSize":{"__type__":"cc.Size","width":28.25,"height":40}},{"__type__":"cc.Label","node":{"__id__":4},"_useOriginalSize":false,"_N$string":"1","_N$horizontalAlign":1,"_N$verticalAlign":1}],{"__type__":"cc.SpriteFrame","content":{"name":"woniu_pa_00001","texture":"339K1vrWdNLLnPImgJmOeR","rect":[0,0,288,288],"offset":[0,0],"originalSize":[288,288]}},{"__type__":"cc.SpriteFrame","content":{"name":"star_00019","texture":"3843fhe9NDJ5oE4IxsGpdk","rect":[0,0,400,400],"offset":[0,0],"originalSize":[400,400]}},{"__type__":"cc.SpriteFrame","content":{"name":"fengling_left","texture":"d0QTWNMZxIaLSTOVXoG8xX","rect":[0,0,210,210],"offset":[0,0],"originalSize":[210,210]}},[{"__type__":"cc.Prefab","_name":"FishFeedback","data":{"__id__":1},"asyncLoadAssets":null},{"__type__":"cc.Node","_name":"FishFeedback","_children":[{"__id__":2}],"_prefab":{"__type__":"cc.PrefabInfo","root":{"__id__":1},"asset":{"__uuid__":"74ZMejBXBORI7yE7cWCZQE"},"fileId":"9ca5fuIhRRGcK8UIC+iUl5g"},"_position":{"__type__":"cc.Vec2","x":-1024,"y":-768}},{"__type__":"cc.Node","_name":"Fish","_parent":{"__id__":1},"_children":[{"__id__":3},{"__id__":5},{"__id__":6},{"__id__":7},{"__id__":8}],"_components":[{"__type__":"cc.Animation","node":{"__id__":2},"_defaultClip":{"__uuid__":"92yUSb/qtAhJlinGAkxFBT"},"_clips":[{"__uuid__":"ebgcEkETxLmb7j7W7KKPKT"},{"__uuid__":"10MF0pYalMqIgGL2uN9wbi"},{"__uuid__":"36fzHypt1Bt6fzcCt05Qom"},{"__uuid__":"92yUSb/qtAhJlinGAkxFBT"}]},{"__type__":"0ff94mXJf1DlrAO3t9YGlxy","node":{"__id__":2},"fishFeedNode":{"__id__":1},"rightBoard":{"__id__":5},"wrongBoard":{"__id__":6},"timeOverBoard":{"__id__":7},"fish":{"__id__":2},"starAnim":{"__id__":4},"fishSprite":{"__id__":9},"defaultFish":{"__uuid__":"8fzO54VGNOgJKTR/HhClc7"},"winFish":{"__uuid__":"7aK1wfHpNFt4++rHk4oiDR"},"lostFish":{"__uuid__":"6bcCj/W4VMOZ88d6XSLKo0"}}],"_prefab":{"__type__":"cc.PrefabInfo","root":{"__id__":1},"asset":{"__uuid__":"74ZMejBXBORI7yE7cWCZQE"},"fileId":"fca9aMLLORAZ4M2e4LysAkK"},"_anchorPoint":{"__type__":"cc.Vec2","x":0.4,"y":0.5},"_contentSize":{"__type__":"cc.Size","width":430,"height":380},"_rotationX":-13,"_rotationY":-13,"_position":{"__type__":"cc.Vec2","x":2149,"y":162}},{"__type__":"cc.Node","_name":"star_00000","_parent":{"__id__":2},"_active":false,"_components":[{"__type__":"cc.Sprite","node":{"__id__":3}},{"__id__":4}],"_prefab":{"__type__":"cc.PrefabInfo","root":{"__id__":1},"asset":{"__uuid__":"74ZMejBXBORI7yE7cWCZQE"},"fileId":"f7c9dHWzpFItp8GfkKHGH8/"},"_rotationX":13,"_rotationY":13,"_position":{"__type__":"cc.Vec2","y":277.2035918}},{"__type__":"cc.Animation","node":{"__id__":3},"_defaultClip":{"__uuid__":"abccrhrx1KHoi86W9FFdm9"},"_clips":[{"__uuid__":"abccrhrx1KHoi86W9FFdm9"}]},{"__type__":"cc.Node","_name":"Congratulations","_parent":{"__id__":2},"_active":false,"_components":[{"__type__":"cc.Sprite","node":{"__id__":5},"_spriteFrame":{"__uuid__":"d6g6t7SaBFCaQ0ibL8H9qa"}},{"__type__":"cc.Animation","node":{"__id__":5},"_defaultClip":{"__uuid__":"286pdX5iJDraYW4niSof6p"},"_clips":[{"__uuid__":"286pdX5iJDraYW4niSof6p"}]}],"_prefab":{"__type__":"cc.PrefabInfo","root":{"__id__":1},"asset":{"__uuid__":"74ZMejBXBORI7yE7cWCZQE"},"fileId":"78f80AMTZNJWaZlWC0JNBpr"},"_opacity":0,"_anchorPoint":{"__type__":"cc.Vec2","x":0.5,"y":0.1},"_contentSize":{"__type__":"cc.Size","width":430,"height":380},"_rotationX":13,"_rotationY":13,"_position":{"__type__":"cc.Vec2","x":-30,"y":-60}},{"__type__":"cc.Node","_name":"Comeon","_parent":{"__id__":2},"_active":false,"_components":[{"__type__":"cc.Sprite","node":{"__id__":6},"_spriteFrame":{"__uuid__":"a2t69V0nVLoYYxbwzuDzNt"}},{"__type__":"cc.Animation","node":{"__id__":6},"_defaultClip":{"__uuid__":"04KJ/vvPJGFZtPKRhgo4ys"},"_clips":[{"__uuid__":"04KJ/vvPJGFZtPKRhgo4ys"}]}],"_prefab":{"__type__":"cc.PrefabInfo","root":{"__id__":1},"asset":{"__uuid__":"74ZMejBXBORI7yE7cWCZQE"},"fileId":"e0794dw/QBMTaVPGQH+Yc7G"},"_opacity":0,"_anchorPoint":{"__type__":"cc.Vec2","x":0.5,"y":0.1},"_contentSize":{"__type__":"cc.Size","width":430,"height":380},"_rotationX":13,"_rotationY":13,"_position":{"__type__":"cc.Vec2","x":-30,"y":-60}},{"__type__":"cc.Node","_name":"Timeout","_parent":{"__id__":2},"_active":false,"_components":[{"__type__":"cc.Sprite","node":{"__id__":7},"_spriteFrame":{"__uuid__":"3f9NAZeOhOVYGuaCpohwJ6"}},{"__type__":"cc.Animation","node":{"__id__":7},"_defaultClip":{"__uuid__":"04KJ/vvPJGFZtPKRhgo4ys"},"_clips":[{"__uuid__":"04KJ/vvPJGFZtPKRhgo4ys"}]}],"_prefab":{"__type__":"cc.PrefabInfo","root":{"__id__":1},"asset":{"__uuid__":"74ZMejBXBORI7yE7cWCZQE"},"fileId":"5ce2b2T+e5FaoiS1WHxfYaf"},"_opacity":0,"_anchorPoint":{"__type__":"cc.Vec2","x":0.5,"y":0.1},"_contentSize":{"__type__":"cc.Size","width":430,"height":380},"_rotationX":13,"_rotationY":13,"_position":{"__type__":"cc.Vec2","x":-30,"y":-60}},{"__type__":"cc.Node","_name":"FishSprite","_parent":{"__id__":2},"_components":[{"__id__":9}],"_prefab":{"__type__":"cc.PrefabInfo","root":{"__id__":1},"asset":{"__uuid__":"74ZMejBXBORI7yE7cWCZQE"},"fileId":"149EFhX2dKlKaYc0UK9AIH"},"_contentSize":{"__type__":"cc.Size","width":430,"height":380}},{"__type__":"cc.Sprite","node":{"__id__":8},"_spriteFrame":{"__uuid__":"8fzO54VGNOgJKTR/HhClc7"}}],{"__type__":"cc.SpriteFrame","content":{"name":"kaichang_woniu_00001","texture":"b0iFku5JBAV6Ud4XQBPlaW","rect":[0,0,288,288],"offset":[0,0],"originalSize":[288,288]}},{"__type__":"cc.SpriteFrame","content":{"name":"star_00017","texture":"6dBzY3bZ9G77zS8u4Tyijb","rect":[0,0,400,400],"offset":[0,0],"originalSize":[400,400]}},{"__type__":"cc.SpriteFrame","content":{"name":"fish_congratulations","texture":"e8uIqfpx5HapvWN2hXAX0C","rect":[0,0,430,380],"offset":[0,0],"originalSize":[430,380]}},{"__type__":"cc.SpriteFrame","content":{"name":"deng_night","texture":"c6aZhR5CNFrqA+LbqMF1wl","rect":[0,0,220,291],"offset":[0,0],"originalSize":[220,291]}},{"__type__":"cc.SpriteFrame","content":{"name":"deng_yinghuochong","texture":"1e01Qr2iBAfIHda7o7bgkj","rect":[0,0,220,291],"offset":[0,0],"originalSize":[220,291]}},{"__type__":"cc.SpriteFrame","content":{"name":"daytime_night","texture":"34swhKrxpAA4vStVv9i6Fy","rect":[0,0,2048,1536],"offset":[0,0],"originalSize":[2048,1536]}},{"__type__":"cc.SpriteFrame","content":{"name":"qingwa_zhangzui_00009","texture":"b8t22HQ41JhJfklpGXWVac","rect":[0,0,397,297],"offset":[0,0],"originalSize":[397,297]}},{"__type__":"cc.SpriteFrame","content":{"name":"grassland_daytime","texture":"97OL2E4tNHtavOuxK5Z87G","rect":[0,0,2048,1536],"offset":[0,0],"originalSize":[2048,1536]}},{"__type__":"cc.SpriteFrame","content":{"name":"woniu_pa_00009","texture":"9bv0NnfQZAd6BYPw8ERO1f","rect":[0,0,288,288],"offset":[0,0],"originalSize":[288,288]}},{"__type__":"cc.SpriteFrame","content":{"name":"fish_left","texture":"8cPdmzOBdKlISSlOAEhhzh","rect":[0,0,160,160],"offset":[0,0],"originalSize":[160,160]}},{"__type__":"cc.AnimationClip","_name":"SnailIn","_duration":0.84,"sample":25,"curveData":{"comps":{"cc.Sprite":{"spriteFrame":[{"frame":0,"value":{"__uuid__":"e04HUTySpLjrV1MUtGqF0u"}},{"frame":0.04,"value":{"__uuid__":"9cxGIRqHBL9qAzlV9takIr"}},{"frame":0.08,"value":{"__uuid__":"075SrRnvNFtoCwU50yJP4+"}},{"frame":0.12,"value":{"__uuid__":"ad6oP51ZxAeoCHhrdPnFQe"}},{"frame":0.16,"value":{"__uuid__":"c8Qr9+HKhOUafj528GfDq6"}},{"frame":0.2,"value":{"__uuid__":"4cdc3JdNFF2rHWFYTTPMj9"}},{"frame":0.24,"value":{"__uuid__":"b1bN/tTglNy5bjPqHnAVnF"}},{"frame":0.28,"value":{"__uuid__":"c9sB8KGFxM+KZIoRGlF3dW"}},{"frame":0.32,"value":{"__uuid__":"5886DnOA1ElK1TXPvLrm+A"}},{"frame":0.36,"value":{"__uuid__":"b5+GMzc6hEmoArruOL2+bT"}},{"frame":0.4,"value":{"__uuid__":"8d56c2D1FDHoualSGNJ75Q"}},{"frame":0.44,"value":{"__uuid__":"03QVrV/TpAdIBVraodV5px"}},{"frame":0.48,"value":{"__uuid__":"ddtavP6RtDl60QqujXYKPU"}},{"frame":0.52,"value":{"__uuid__":"89yr4OeTJIMIubhZoNq2w9"}},{"frame":0.56,"value":{"__uuid__":"b4c49lNDRA36KBED/Q+UJ8"}},{"frame":0.6,"value":{"__uuid__":"b4c49lNDRA36KBED/Q+UJ8"}},{"frame":0.64,"value":{"__uuid__":"b4c49lNDRA36KBED/Q+UJ8"}},{"frame":0.68,"value":{"__uuid__":"aa6VCg/19JArbIIZWEBBQC"}},{"frame":0.72,"value":{"__uuid__":"ebCx7dOi9FPYAs7XyicmrZ"}},{"frame":0.76,"value":{"__uuid__":"b0DhVs7DhJYbe1YrlwePV9"}},{"frame":0.8,"value":{"__uuid__":"6chbDLlzNE442R+s5dYFf+"}}]}}}},{"__type__":"cc.SpriteFrame","content":{"name":"haidai_right","texture":"49JW+F7GdPqquDq3k+dmqw","rect":[0,0,238,424],"offset":[0,0],"originalSize":[238,424]}},{"__type__":"cc.SpriteFrame","content":{"name":"star_00009","texture":"2cuzdlK5BEvYW3X++d9iWS","rect":[0,0,400,400],"offset":[0,0],"originalSize":[400,400]}},{"__type__":"cc.SpriteFrame","content":{"name":"chong_1","texture":"18OoLlUhFOzIgujkWoA4XM","rect":[0,0,125,215],"offset":[0,0],"originalSize":[125,215]}},{"__type__":"cc.SpriteFrame","content":{"name":"dati_woniushentou_00005","texture":"f6g41DMbxDYJ10viVnDaIa","rect":[0,0,288,288],"offset":[0,0],"originalSize":[288,288]}},{"__type__":"cc.SpriteFrame","content":{"name":"qingwa_zhangzui_00014","texture":"36PFQj7tlLoZd4+SUN9KF6","rect":[0,0,397,297],"offset":[0,0],"originalSize":[397,297]}},{"__type__":"cc.SpriteFrame","content":{"name":"qingwa_zhangzui_00004","texture":"cbpz0MAdFGKoVM2psH/urh","rect":[0,0,397,297],"offset":[0,0],"originalSize":[397,297]}},{"__type__":"cc.SpriteFrame","content":{"name":"qingwa_zhangzui_00006","texture":"489XQNgNdGiKFY7HdoA7f5","rect":[0,0,397,297],"offset":[0,0],"originalSize":[397,297]}},{"__type__":"cc.SpriteFrame","content":{"name":"dati_woniushentou_00008","texture":"35bKkk2E9IsqOnHJ7Di/6p","rect":[0,0,288,288],"offset":[0,0],"originalSize":[288,288]}},{"__type__":"cc.SpriteFrame","content":{"name":"btnLast","texture":"5ekIzpkOZDuIjDT2cRFlWN","rect":[14,20,51,40],"offset":[-0.5,0],"originalSize":[80,80]}},{"__type__":"cc.SpriteFrame","content":{"name":"fengling_right","texture":"8c7fkr2ghHrKZiYE7bTWTd","rect":[0,0,210,210],"offset":[0,0],"originalSize":[210,210]}},{"__type__":"cc.SpriteFrame","content":{"name":"fish","texture":"28Gm1yrFlMEoaLQ1SfMPUC","rect":[0,0,430,380],"offset":[0,0],"originalSize":[430,380]}},{"__type__":"cc.AnimationClip","_name":"fishdefault","_duration":2.4,"sample":25,"wrapMode":2,"curveData":{"props":{"y":[{"frame":0,"value":95},{"frame":0.6,"value":70,"curve":"linear"},{"frame":1.2,"value":95},{"frame":1.8,"value":120},{"frame":2.4,"value":95}]},"comps":{"cc.Sprite":{}}}},{"__type__":"cc.SpriteFrame","content":{"name":"chong_2","texture":"52vCF+CZlJMbgI4gv8Kc3e","rect":[0,0,125,215],"offset":[0,0],"originalSize":[125,215]}},[{"__type__":"cc.Prefab","_name":"paopao","data":{"__id__":1},"asyncLoadAssets":null},{"__type__":"cc.Node","_name":"paopao","_components":[{"__type__":"cc.Sprite","node":{"__id__":1},"_spriteFrame":{"__uuid__":"fbzTMZ4mhP2Jp6V6Pib9xM"}},{"__type__":"64af7fqo+JH17aITx262Fhi","node":{"__id__":1},"paopao":{"__id__":1}}],"_prefab":{"__type__":"cc.PrefabInfo","root":{"__id__":1},"asset":{"__uuid__":"95FsCW9mNPHKkHFyyVjrRC"},"fileId":"5d7d0rNT+dBGYv6pZgNDbuO"},"_contentSize":{"__type__":"cc.Size","width":92,"height":86}}],{"__type__":"cc.AnimationClip","_name":"SnailOut","_duration":0.76,"sample":25,"curveData":{"comps":{"cc.Sprite":{"spriteFrame":[{"frame":0,"value":{"__uuid__":"6chbDLlzNE442R+s5dYFf+"}},{"frame":0.04,"value":{"__uuid__":"b0DhVs7DhJYbe1YrlwePV9"}},{"frame":0.08,"value":{"__uuid__":"ebCx7dOi9FPYAs7XyicmrZ"}},{"frame":0.12,"value":{"__uuid__":"aa6VCg/19JArbIIZWEBBQC"}},{"frame":0.16,"value":{"__uuid__":"b4c49lNDRA36KBED/Q+UJ8"}},{"frame":0.2,"value":{"__uuid__":"89yr4OeTJIMIubhZoNq2w9"}},{"frame":0.24,"value":{"__uuid__":"ddtavP6RtDl60QqujXYKPU"}},{"frame":0.28,"value":{"__uuid__":"03QVrV/TpAdIBVraodV5px"}},{"frame":0.32,"value":{"__uuid__":"8d56c2D1FDHoualSGNJ75Q"}},{"frame":0.36,"value":{"__uuid__":"b5+GMzc6hEmoArruOL2+bT"}},{"frame":0.4,"value":{"__uuid__":"5886DnOA1ElK1TXPvLrm+A"}},{"frame":0.44,"value":{"__uuid__":"c9sB8KGFxM+KZIoRGlF3dW"}},{"frame":0.48,"value":{"__uuid__":"b1bN/tTglNy5bjPqHnAVnF"}},{"frame":0.52,"value":{"__uuid__":"4cdc3JdNFF2rHWFYTTPMj9"}},{"frame":0.56,"value":{"__uuid__":"c8Qr9+HKhOUafj528GfDq6"}},{"frame":0.6,"value":{"__uuid__":"ad6oP51ZxAeoCHhrdPnFQe"}},{"frame":0.64,"value":{"__uuid__":"075SrRnvNFtoCwU50yJP4+"}},{"frame":0.68,"value":{"__uuid__":"9cxGIRqHBL9qAzlV9takIr"}},{"frame":0.72,"value":{"__uuid__":"e04HUTySpLjrV1MUtGqF0u"}}]}}}},{"__type__":"cc.SpriteFrame","content":{"name":"kaichang_woniu_00018","texture":"fbPZ4gOeBLB4W3lBF2IBEU","rect":[0,0,288,288],"offset":[0,0],"originalSize":[288,288]}},{"__type__":"cc.SpriteFrame","content":{"name":"kaichang_woniu_00000","texture":"bc41oqCjdOqIbYKY9tpQkR","rect":[0,0,288,288],"offset":[0,0],"originalSize":[288,288]}},{"__type__":"cc.SpriteFrame","content":{"name":"star_00003","texture":"8fJLyEDG1DXpT4snchI6mn","rect":[0,0,400,400],"offset":[0,0],"originalSize":[400,400]}},{"__type__":"cc.SpriteFrame","content":{"name":"kaichang_woniu_00009","texture":"90Q7x2UpNDv4synOdkXnu1","rect":[0,0,288,288],"offset":[0,0],"originalSize":[288,288]}},{"__type__":"cc.SpriteFrame","content":{"name":"dati_woniushentou_00017","texture":"bba7Wgr1ZD8IZ3rBz9u0I6","rect":[0,0,288,288],"offset":[0,0],"originalSize":[288,288]}},{"__type__":"cc.SpriteFrame","content":{"name":"night_bg","texture":"feGWF4grNAPIJoqFAtPnuC","rect":[0,0,2048,686],"offset":[0,0],"originalSize":[2048,686]}},{"__type__":"cc.SpriteFrame","content":{"name":"qingwa_zhangzui_00015","texture":"6868FBVYFBVKKk+xr0Z1Rr","rect":[0,0,397,297],"offset":[0,0],"originalSize":[397,297]}},{"__type__":"cc.SpriteFrame","content":{"name":"default_sprite_splash","texture":"02delMVqdBD70a/HSD99FK","rect":[0,0,2,2],"offset":[0,0],"originalSize":[2,2]}},{"__type__":"cc.SpriteFrame","content":{"name":"come_on","texture":"ecHrzIe5RAd6iLHLEWXwEp","rect":[0,0,430,380],"offset":[0,0],"originalSize":[430,380]}},{"__type__":"cc.SpriteFrame","content":{"name":"timu_bg_daytime","texture":"1dsiv1CwFIp50g0Oapq0+E","rect":[0,0,1364,275],"offset":[0,0],"originalSize":[1364,275],"capInsets":[50,50,50,50]}},{"__type__":"cc.SpriteFrame","content":{"name":"jiesuan_qingwa_body","texture":"f2yooV31FDVbW1x9naeTkF","rect":[0,0,197,219],"offset":[0,0],"originalSize":[197,219]}},{"__type__":"cc.SpriteFrame","content":{"name":"star_00016","texture":"18S810Kv5FRrIoi9BndGdn","rect":[0,0,400,400],"offset":[0,0],"originalSize":[400,400]}},{"__type__":"cc.SpriteFrame","content":{"name":"deng_daytime","texture":"87rnPw1tNOpZFOrpdQhv8/","rect":[0,0,220,291],"offset":[0,0],"originalSize":[220,291]}},{"__type__":"cc.SpriteFrame","content":{"name":"woniu_pa_00006","texture":"249nCakqtFEr0RMHfOtdzJ","rect":[0,0,288,288],"offset":[0,0],"originalSize":[288,288]}},{"__type__":"cc.SpriteFrame","content":{"name":"dati_woniushentou_00003","texture":"20OSC8ejxD7Y22fHXPWQrc","rect":[0,0,288,288],"offset":[0,0],"originalSize":[288,288]}},{"__type__":"cc.AnimationClip","_name":"Stars","_duration":1,"sample":25,"curveData":{"props":{},"comps":{"cc.Sprite":{"spriteFrame":[{"frame":0.2,"value":{"__uuid__":"d5V69ePoVLupFfcU2wTzfj"}},{"frame":0.24,"value":{"__uuid__":"51QNIGKSNPPrb6Ac00PqIK"}},{"frame":0.28,"value":{"__uuid__":"635ZtD2ppJT7Sl5/9Wc/jX"}},{"frame":0.32,"value":{"__uuid__":"9aVBV+GKlDWJnJExmia5oT"}},{"frame":0.36,"value":{"__uuid__":"bdHfDvomJAnKX6vbmpzwV5"}},{"frame":0.4,"value":{"__uuid__":"01F1lM8kJF+ZadwevfHm/6"}},{"frame":0.44,"value":{"__uuid__":"22VjsNDHNDvp8F0BcW8tQz"}},{"frame":0.48,"value":{"__uuid__":"bbzxZunVdDxqdUow8cHAe0"}},{"frame":0.52,"value":{"__uuid__":"d3A3prI4BJerMCNs4EbTU9"}},{"frame":0.56,"value":{"__uuid__":"868o26NHFAbarS9W1ElctP"}},{"frame":0.6,"value":{"__uuid__":"b3D0A94sBIkquHm7EHyfgV"}},{"frame":0.64,"value":{"__uuid__":"d6tKRs6s1J3YrWbC0t4QPX"}},{"frame":0.68,"value":{"__uuid__":"5dNodmWo9NW5F9/61Q7aq4"}},{"frame":0.72,"value":{"__uuid__":"c9TAD5ruJNxIzrkNuzyvQ7"}},{"frame":0.76,"value":{"__uuid__":"4fXapWiyBFhqOu2gz772wV"}},{"frame":0.8,"value":{"__uuid__":"69ZSclgyBMaIY2plW4eDYc"}},{"frame":0.84,"value":{"__uuid__":"a8fogqNQJFqJcEhrve4UGT"}},{"frame":0.88,"value":{"__uuid__":"7aC0BnLG5PWZ72YiflmYP5"}},{"frame":0.92,"value":{"__uuid__":"18VrZf2lRF0rRhfyVM8TG4"}},{"frame":0.96,"value":{"__uuid__":"71ldDuMSZLVpSUOL5PXDtv"}}]}}}},{"__type__":"cc.SpriteFrame","content":{"name":"dati_woniushentou_00015","texture":"aelCxjQfNKUazXn4uZdEfO","rect":[0,0,288,288],"offset":[0,0],"originalSize":[288,288]}},{"__type__":"cc.SpriteFrame","content":{"name":"dati_woniushentou_00001","texture":"54VeBVyHlMDLvdESwSC1zG","rect":[0,0,288,288],"offset":[0,0],"originalSize":[288,288]}},{"__type__":"cc.SpriteFrame","content":{"name":"biaotikuang-zhong","texture":"aaYWnyi/5MdZ3NBQfBoXz3","rect":[0,0,505,147],"offset":[0,0],"originalSize":[505,147]}},{"__type__":"cc.SpriteFrame","content":{"name":"dati_woniushentou_00012","texture":"e2kwdxmKdENLTMS/BqerHr","rect":[0,0,288,288],"offset":[0,0],"originalSize":[288,288]}},{"__type__":"cc.SpriteFrame","content":{"name":"star_00010","texture":"bd9kpWA/FBZZFLBu3hUi1g","rect":[0,0,400,400],"offset":[0,0],"originalSize":[400,400]}},{"__type__":"cc.SpriteFrame","content":{"name":"dati_woniushentou_00004","texture":"2epK3D3tdHRK0qPxIClh6n","rect":[0,0,288,288],"offset":[0,0],"originalSize":[288,288]}},{"__type__":"cc.SpriteFrame","content":{"name":"dati_woniushentou_00009","texture":"41jhyeqiVI2qDOoiEryX8L","rect":[0,0,288,288],"offset":[0,0],"originalSize":[288,288]}},{"__type__":"cc.AnimationClip","_name":"FrogOpen","_duration":0.6,"sample":25,"curveData":{"comps":{"cc.Sprite":{"spriteFrame":[{"frame":0,"value":{"__uuid__":"44WPnezWNF6YocMmAgKz+T"}},{"frame":0.04,"value":{"__uuid__":"e1GTKVzYBOT5QC/G4Qj0af"}},{"frame":0.08,"value":{"__uuid__":"24zpRkNodA+LNLzL74Hf4m"}},{"frame":0.12,"value":{"__uuid__":"8cteGr3rdAuYL8y29lIVFU"}},{"frame":0.16,"value":{"__uuid__":"e456K5RLtFg44kon23AidA"}},{"frame":0.2,"value":{"__uuid__":"8dO7e3v+BAZaRCuW4AC870"}},{"frame":0.24,"value":{"__uuid__":"1apIx3fmpGsqUzbVt8DYx7"}},{"frame":0.28,"value":{"__uuid__":"1aSoNvvPZOw46uekuJiwuy"}},{"frame":0.32,"value":{"__uuid__":"7efrEVsQlAMreX7pKc4Quw"}},{"frame":0.36,"value":{"__uuid__":"cbVrPfbtZF+a43bmJ3qSfg"}},{"frame":0.4,"value":{"__uuid__":"daUcEGcFNM57uFu7AQzIrC"}},{"frame":0.44,"value":{"__uuid__":"4bybwpcKVDSo1yIDNuCcNr"}},{"frame":0.48,"value":{"__uuid__":"68dZi+l9hBkZGKqoCfg73q"}},{"frame":0.52,"value":{"__uuid__":"8bYUcCSUNDZL/Fm1WU+hog"}},{"frame":0.56,"value":{"__uuid__":"9fM/ucA/dDTLDrmU76SS1q"}}]}}}},{"__type__":"cc.AnimationClip","_name":"Hand_R","_duration":0.88,"sample":25,"curveData":{"props":{"scaleY":[{"frame":0,"value":-1}],"rotation":[{"frame":0,"value":70},{"frame":0.16,"value":126},{"frame":0.4,"value":-42},{"frame":0.68,"value":126},{"frame":0.88,"value":70}]}}},{"__type__":"cc.SpriteFrame","content":{"name":"tongue","texture":"48Oxt0om9NEo/wg4JZueqx","rect":[0,0,26,618],"offset":[0,0],"originalSize":[26,618]}},{"__type__":"cc.SpriteFrame","content":{"name":"star_00007","texture":"5eTLpSIuFISYZVVXbPLU+s","rect":[0,0,400,400],"offset":[0,0],"originalSize":[400,400]}},{"__type__":"cc.SpriteFrame","content":{"name":"woniu_pa_00008","texture":"71nV0EvaNMrKbazi5UzN/a","rect":[0,0,288,288],"offset":[0,0],"originalSize":[288,288]}},{"__type__":"cc.AnimationClip","_name":"OptionB","_duration":1.72,"sample":25,"curveData":{"props":{"position":[{"frame":0,"value":[559,-1029]},{"frame":0.32,"value":[559,-1029]},{"frame":0.64,"value":[313,-1296]},{"frame":1,"value":[193,-1133]},{"frame":1.36,"value":[698,-1258]},{"frame":1.72,"value":[985,-1029]}],"opacity":[{"frame":0,"value":255}]}}},{"__type__":"cc.SpriteFrame","content":{"name":"star_00004","texture":"10uwOlJm1M/bmRbIkXiL8X","rect":[0,0,400,400],"offset":[0,0],"originalSize":[400,400]}},[{"__type__":"cc.SceneAsset","_name":"CocosGame","scene":{"__id__":1},"asyncLoadAssets":null},{"__type__":"cc.Scene","_name":"New Node","_children":[{"__id__":2}],"_anchorPoint":{"__type__":"cc.Vec2"},"autoReleaseAssets":true},{"__type__":"cc.Node","_name":"Canvas","_parent":{"__id__":1},"_children":[{"__id__":3},{"__id__":8},{"__id__":80}],"_components":[{"__type__":"cc.Canvas","node":{"__id__":2},"_designResolution":{"__type__":"cc.Size","width":1024,"height":768},"_fitWidth":true}],"_id":"42d31QRkvlJrZCxoGpWuPOT","_contentSize":{"__type__":"cc.Size","width":1024,"height":768},"_position":{"__type__":"cc.Vec2","x":512,"y":384}},{"__type__":"cc.Node","_name":"BackGround","_parent":{"__id__":2},"_children":[{"__id__":4},{"__id__":5},{"__id__":6},{"__id__":7}],"_components":[{"__type__":"cc.Widget","node":{"__id__":3},"_alignFlags":45}],"_contentSize":{"__type__":"cc.Size","width":2048,"height":1536},"_scaleX":0.5,"_scaleY":0.5},{"__type__":"cc.Node","_name":"background","_parent":{"__id__":3},"_components":[{"__type__":"cc.Sprite","node":{"__id__":4},"_spriteFrame":{"__uuid__":"d6gg/pO1xJwaUMJ4a3PBP/"},"_sizeMode":0},{"__type__":"cc.Widget","node":{"__id__":4},"_alignFlags":45,"_originalWidth":40,"_originalHeight":36}],"_contentSize":{"__type__":"cc.Size","width":2048,"height":1536}},{"__type__":"cc.Node","_name":"fish_left","_parent":{"__id__":3},"_components":[{"__type__":"cc.Sprite","node":{"__id__":5},"_spriteFrame":{"__uuid__":"823jQbRJxFzIHuNKI2IsLQ"}},{"__type__":"cc.Widget","node":{"__id__":5},"_alignFlags":12,"_left":60}],"_contentSize":{"__type__":"cc.Size","width":160,"height":160},"_position":{"__type__":"cc.Vec2","x":-884,"y":-688}},{"__type__":"cc.Node","_name":"haidai_left","_parent":{"__id__":3},"_components":[{"__type__":"cc.Sprite","node":{"__id__":6},"_spriteFrame":{"__uuid__":"133z3HQtNJub0InIjEeyYe"}},{"__type__":"cc.Widget","node":{"__id__":6},"_alignFlags":12}],"_contentSize":{"__type__":"cc.Size","width":204,"height":364},"_position":{"__type__":"cc.Vec2","x":-922,"y":-586}},{"__type__":"cc.Node","_name":"haidai_right","_parent":{"__id__":3},"_components":[{"__type__":"cc.Sprite","node":{"__id__":7},"_spriteFrame":{"__uuid__":"85G5Z0vLJASrBqmW+xSXv4"}},{"__type__":"cc.Widget","node":{"__id__":7},"_alignFlags":36}],"_contentSize":{"__type__":"cc.Size","width":238,"height":424},"_position":{"__type__":"cc.Vec2","x":905,"y":-556}},{"__type__":"cc.Node","_name":"Content","_parent":{"__id__":2},"_children":[{"__id__":9},{"__id__":10},{"__id__":13},{"__id__":15},{"__id__":16},{"__id__":17},{"__id__":21},{"__id__":25},{"__id__":29},{"__id__":37},{"__id__":38},{"__id__":39},{"__id__":40},{"__id__":73},{"__id__":77},{"__id__":78}],"_components":[{"__type__":"cc.Widget","node":{"__id__":8},"_alignFlags":45},{"__type__":"d92c8sRpIBMBKs/RzLIjTLN","node":{"__id__":8},"timeLabel":{"__id__":24},"quertionListNode":{"__id__":29},"titleNode":{"__id__":17},"bubbleNode":{"__id__":77},"bubblePref":{"__uuid__":"95FsCW9mNPHKkHFyyVjrRC"},"feedbackNode":{"__id__":78},"feedbackPref":{"__uuid__":"74ZMejBXBORI7yE7cWCZQE"},"loseTimeNode":{"__id__":79},"loseTime":3,"grasslandSprite":{"__id__":14},"nightBG":{"__id__":9},"lightSprite":{"__id__":12},"Lamplight":{"__id__":11},"questionSprite":{"__id__":28},"sources":{"__id__":80},"questionLabel":{"__id__":27},"ruler":{"__id__":37},"scalePref":{"__uuid__":"67Ioac/ChBW4oW4BKDz2nh"},"showProgress":{"__id__":38},"optionNode":{"__id__":40},"frog":{"__id__":73},"snail":{"__id__":39}},{"__type__":"cd804MyCfRHi4BLiy+Orkth","node":{"__id__":8},"_enabled":false}],"_contentSize":{"__type__":"cc.Size","width":2048,"height":1536},"_scaleX":0.5,"_scaleY":0.5},{"__type__":"cc.Node","_name":"NightBG","_parent":{"__id__":8},"_components":[{"__type__":"cc.Sprite","node":{"__id__":9},"_spriteFrame":{"__uuid__":"9dfVBpdoNLCYZHO2pEKviC"}},{"__type__":"cc.Widget","node":{"__id__":9},"_alignFlags":17,"_horizontalCenter":-3}],"_opacity":0,"_contentSize":{"__type__":"cc.Size","width":2048,"height":686},"_position":{"__type__":"cc.Vec2","x":-3,"y":425}},{"__type__":"cc.Node","_name":"Light","_parent":{"__id__":8},"_children":[{"__id__":11}],"_components":[{"__id__":12}],"_contentSize":{"__type__":"cc.Size","width":220,"height":291},"_position":{"__type__":"cc.Vec2","x":788,"y":270}},{"__type__":"cc.Node","_name":"Lamplight","_parent":{"__id__":10},"_active":false,"_components":[{"__type__":"cc.Sprite","node":{"__id__":11},"_spriteFrame":{"__uuid__":"7bFWAIlIpHgaXv1KHzg9Jq"}}],"_contentSize":{"__type__":"cc.Size","width":220,"height":291}},{"__type__":"cc.Sprite","node":{"__id__":10},"_spriteFrame":{"__uuid__":"aadSmXe49ONaAVbXZx4ipp"}},{"__type__":"cc.Node","_name":"Grassland","_parent":{"__id__":8},"_components":[{"__id__":14}],"_contentSize":{"__type__":"cc.Size","width":2048,"height":1536}},{"__type__":"cc.Sprite","node":{"__id__":13},"_spriteFrame":{"__uuid__":"7f5YUmLGdF6oZVkwqWBiMy"}},{"__type__":"cc.Node","_name":"fengling_right","_parent":{"__id__":8},"_components":[{"__type__":"cc.Sprite","node":{"__id__":15},"_spriteFrame":{"__uuid__":"8ed4ddWJNClJMlJjk9kSrf"}},{"__type__":"cc.Widget","node":{"__id__":15},"_alignFlags":33,"_top":47}],"_contentSize":{"__type__":"cc.Size","width":210,"height":210},"_position":{"__type__":"cc.Vec2","x":919,"y":616}},{"__type__":"cc.Node","_name":"fengling_left","_parent":{"__id__":8},"_components":[{"__type__":"cc.Sprite","node":{"__id__":16},"_spriteFrame":{"__uuid__":"72+8n+r0NMnY8QR5HFIn7q"}},{"__type__":"cc.Widget","node":{"__id__":16},"_alignFlags":9,"_top":47}],"_contentSize":{"__type__":"cc.Size","width":210,"height":210},"_position":{"__type__":"cc.Vec2","x":-919,"y":616}},{"__type__":"cc.Node","_name":"TitleNode","_parent":{"__id__":8},"_children":[{"__id__":18}],"_active":false,"_components":[{"__type__":"5b283IiR/BBgLkN+zazJigp","node":{"__id__":17},"label":{"__id__":20}}],"_position":{"__type__":"cc.Vec2","y":768}},{"__type__":"cc.Node","_name":"biaotikuang-zhong","_parent":{"__id__":17},"_children":[{"__id__":19}],"_components":[{"__type__":"cc.Sprite","node":{"__id__":18},"_spriteFrame":{"__uuid__":"b0bVyqv7NFJpyKf0tIqnDD"}}],"_contentSize":{"__type__":"cc.Size","width":505,"height":147},"_position":{"__type__":"cc.Vec2","y":-95.5}},{"__type__":"cc.Node","_name":"label","_parent":{"__id__":18},"_components":[{"__id__":20},{"__type__":"cc.LabelOutline","node":{"__id__":19},"_color":{"__type__":"cc.Color","r":11,"g":43,"b":61},"_width":5}],"_color":{"__type__":"cc.Color","r":255,"g":222},"_contentSize":{"__type__":"cc.Size","width":122,"height":56}},{"__type__":"cc.Label","node":{"__id__":19},"_useOriginalSize":false,"_actualFontSize":56,"_fontSize":56,"_lineHeight":56,"_N$string":"标题","_N$horizontalAlign":1,"_N$verticalAlign":1,"_N$fontFamily":"FZY4JW--GB1-0"},{"__type__":"cc.Node","_name":"TimeNode","_parent":{"__id__":8},"_children":[{"__id__":22},{"__id__":23}],"_active":false,"_components":[{"__type__":"cc.Layout","node":{"__id__":21},"_layoutSize":{"__type__":"cc.Size","width":335.2},"_N$layoutType":1,"_N$spacingX":30},{"__type__":"cc.Widget","node":{"__id__":21},"_alignFlags":33,"_right":60,"_top":195}],"_contentSize":{"__type__":"cc.Size","width":335.2},"_position":{"__type__":"cc.Vec2","x":796.4,"y":573}},{"__type__":"cc.Node","_name":"icon","_parent":{"__id__":21},"_components":[{"__type__":"cc.Sprite","node":{"__id__":22},"_spriteFrame":{"__uuid__":"1bjJgCuKhJS7rMsOjzljFk"}}],"_contentSize":{"__type__":"cc.Size","width":90,"height":90},"_position":{"__type__":"cc.Vec2","x":-122.6}},{"__type__":"cc.Node","_name":"timeLabel","_parent":{"__id__":21},"_components":[{"__id__":24},{"__type__":"cc.LabelOutline","node":{"__id__":23},"_color":{"__type__":"cc.Color","r":11,"g":43,"b":61},"_width":5}],"_color":{"__type__":"cc.Color","r":255,"g":222},"_contentSize":{"__type__":"cc.Size","width":196.78,"height":82},"_position":{"__type__":"cc.Vec2","x":50.790000000000006}},{"__type__":"cc.Label","node":{"__id__":23},"_useOriginalSize":false,"_actualFontSize":82,"_fontSize":82,"_lineHeight":82,"_N$string":"","_N$horizontalAlign":1,"_N$verticalAlign":1,"_N$fontFamily":"FZY4JW--GB1-0"},{"__type__":"cc.Node","_name":"QuestionNode","_parent":{"__id__":8},"_children":[{"__id__":26}],"_components":[{"__id__":28},{"__type__":"cc.Widget","node":{"__id__":25},"_alignFlags":17,"_top":216,"_horizontalCenter":-30},{"__type__":"cc.Layout","node":{"__id__":25},"_layoutSize":{"__type__":"cc.Size","width":1280,"height":136},"_resize":1,"_N$layoutType":3,"_N$paddingLeft":40,"_N$paddingRight":40,"_N$paddingTop":40,"_N$paddingBottom":40}],"_anchorPoint":{"__type__":"cc.Vec2","x":0.5,"y":1},"_contentSize":{"__type__":"cc.Size","width":1280,"height":136},"_position":{"__type__":"cc.Vec2","x":-30,"y":552}},{"__type__":"cc.Node","_name":"QuestionLabel","_parent":{"__id__":25},"_components":[{"__id__":27},{"__type__":"cc.LabelOutline","node":{"__id__":26},"_color":{"__type__":"cc.Color","r":3,"g":67,"b":83},"_width":3}],"_contentSize":{"__type__":"cc.Size","width":1200,"height":56},"_position":{"__type__":"cc.Vec2","y":-68}},{"__type__":"cc.Label","node":{"__id__":26},"_useOriginalSize":false,"_actualFontSize":48,"_fontSize":48,"_lineHeight":56,"_N$string":"","_N$verticalAlign":1,"_N$fontFamily":"FZY4JW--GB1-0","_N$overflow":3},{"__type__":"cc.Sprite","node":{"__id__":25},"_spriteFrame":{"__uuid__":"a4698fwIpHUL6URO++dqml"},"_sizeMode":0},{"__type__":"cc.Node","_name":"questionNumScrollViewNode","_parent":{"__id__":8},"_children":[{"__id__":30},{"__id__":31},{"__id__":34}],"_active":false,"_components":[{"__type__":"cc.ScrollView","node":{"__id__":29},"_enabled":false,"content":{"__id__":30},"vertical":false,"inertia":false,"brake":0.8,"elastic":false},{"__type__":"cc.Widget","node":{"__id__":29},"_alignFlags":33,"_right":18,"_top":36},{"__type__":"7a656I23ulAK7kDASga7f0X","node":{"__id__":29},"lastBtn":{"__id__":31},"nextBtn":{"__id__":34},"quertionNum":{"__uuid__":"6ej5L5SmVCNrRLsdSDbTzx"},"questionNum_node":{"__id__":30}}],"_prefab":{"__type__":"cc.PrefabInfo","root":{"__id__":29},"asset":{"__uuid__":"67agmZiN1FIaJRAHU8GR+I"},"fileId":"8c00fwaLetFbb4m39u+QawN"},"_contentSize":{"__type__":"cc.Size","width":720,"height":160},"_position":{"__type__":"cc.Vec2","x":646,"y":652}},{"__type__":"cc.Node","_name":"questionNum_node","_parent":{"__id__":29},"_components":[{"__type__":"cc.Layout","node":{"__id__":30},"_layoutSize":{"__type__":"cc.Size","width":560,"height":160},"_N$layoutType":1,"_N$spacingY":20}],"_prefab":{"__type__":"cc.PrefabInfo","root":{"__id__":29},"asset":{"__uuid__":"67agmZiN1FIaJRAHU8GR+I"},"fileId":"27a33IpMWVBJKpu9QsgSnIw"},"_contentSize":{"__type__":"cc.Size","width":560,"height":160}},{"__type__":"cc.Node","_name":"btnLast","_parent":{"__id__":29},"_children":[{"__id__":32},{"__id__":33}],"_components":[{"__type__":"cc.Widget","node":{"__id__":31},"_alignFlags":8},{"__type__":"cc.Button","node":{"__id__":31},"transition":2,"clickEvents":[{"__type__":"cc.ClickEvent","target":{"__id__":29},"component":"QuestionNumListJS","handler":"clickLast"}],"_N$normalSprite":{"__uuid__":"8eIxgx7LNOaYfUnHSK3Lae"},"_N$pressedSprite":{"__uuid__":"c8j2O1A9lAgZOCmYw9+D+k"},"pressedSprite":{"__uuid__":"c8j2O1A9lAgZOCmYw9+D+k"},"_N$hoverSprite":{"__uuid__":"c8j2O1A9lAgZOCmYw9+D+k"},"hoverSprite":{"__uuid__":"c8j2O1A9lAgZOCmYw9+D+k"},"_N$disabledSprite":{"__uuid__":"8eIxgx7LNOaYfUnHSK3Lae"},"_N$target":{"__id__":31}}],"_prefab":{"__type__":"cc.PrefabInfo","root":{"__id__":29},"asset":{"__uuid__":"67agmZiN1FIaJRAHU8GR+I"},"fileId":"631b4fWdIlOf7U6vffC9Unh"},"_contentSize":{"__type__":"cc.Size","width":80,"height":80},"_position":{"__type__":"cc.Vec2","x":-320}},{"__type__":"cc.Node","_name":"btnLast","_parent":{"__id__":31},"_components":[{"__type__":"cc.Sprite","node":{"__id__":32},"_spriteFrame":{"__uuid__":"8eIxgx7LNOaYfUnHSK3Lae"}}],"_prefab":{"__type__":"cc.PrefabInfo","root":{"__id__":29},"asset":{"__uuid__":"67agmZiN1FIaJRAHU8GR+I"},"fileId":"a55a6csBiFGSoSuGtPwetr2"},"_contentSize":{"__type__":"cc.Size","width":51,"height":40}},{"__type__":"cc.Node","_name":"btnLast1","_parent":{"__id__":31},"_components":[{"__type__":"cc.Sprite","node":{"__id__":33},"_spriteFrame":{"__uuid__":"c8j2O1A9lAgZOCmYw9+D+k"}}],"_prefab":{"__type__":"cc.PrefabInfo","root":{"__id__":29},"asset":{"__uuid__":"67agmZiN1FIaJRAHU8GR+I"},"fileId":"1b259GysdhI04G+NLxOA9ch"},"_contentSize":{"__type__":"cc.Size","width":52,"height":40}},{"__type__":"cc.Node","_name":"btnNext","_parent":{"__id__":29},"_children":[{"__id__":35},{"__id__":36}],"_components":[{"__type__":"cc.Widget","node":{"__id__":34},"_alignFlags":32},{"__type__":"cc.Button","node":{"__id__":34},"transition":2,"clickEvents":[{"__type__":"cc.ClickEvent","target":{"__id__":29},"component":"QuestionNumListJS","handler":"clickNext"}],"_N$normalSprite":{"__uuid__":"50K+3hDAFLL5cQq+v/oVrF"},"_N$pressedSprite":{"__uuid__":"c1xQDBxHlF7ZLODH0FO0sF"},"pressedSprite":{"__uuid__":"c1xQDBxHlF7ZLODH0FO0sF"},"_N$hoverSprite":{"__uuid__":"c1xQDBxHlF7ZLODH0FO0sF"},"hoverSprite":{"__uuid__":"c1xQDBxHlF7ZLODH0FO0sF"},"_N$disabledSprite":{"__uuid__":"50K+3hDAFLL5cQq+v/oVrF"},"_N$target":{"__id__":34}}],"_prefab":{"__type__":"cc.PrefabInfo","root":{"__id__":29},"asset":{"__uuid__":"67agmZiN1FIaJRAHU8GR+I"},"fileId":"5f2aak84R1Ir591AfH5M6z2"},"_contentSize":{"__type__":"cc.Size","width":80,"height":80},"_position":{"__type__":"cc.Vec2","x":320}},{"__type__":"cc.Node","_name":"btnNext","_parent":{"__id__":34},"_components":[{"__type__":"cc.Sprite","node":{"__id__":35},"_spriteFrame":{"__uuid__":"50K+3hDAFLL5cQq+v/oVrF"}}],"_prefab":{"__type__":"cc.PrefabInfo","root":{"__id__":29},"asset":{"__uuid__":"67agmZiN1FIaJRAHU8GR+I"},"fileId":"4f781GYNLxJOo3eKYh6aaoB"},"_contentSize":{"__type__":"cc.Size","width":47,"height":42}},{"__type__":"cc.Node","_name":"btnNext1","_parent":{"__id__":34},"_components":[{"__type__":"cc.Sprite","node":{"__id__":36},"_spriteFrame":{"__uuid__":"c1xQDBxHlF7ZLODH0FO0sF"}}],"_prefab":{"__type__":"cc.PrefabInfo","root":{"__id__":29},"asset":{"__uuid__":"67agmZiN1FIaJRAHU8GR+I"},"fileId":"8c0a879/4ZLopqystjeqhd5"},"_contentSize":{"__type__":"cc.Size","width":47,"height":42}},{"__type__":"cc.Node","_name":"Ruler","_parent":{"__id__":8},"_components":[{"__type__":"cc.Layout","node":{"__id__":37},"_layoutSize":{"__type__":"cc.Size","width":88,"height":640},"_N$layoutType":2,"_N$spacingY":80,"_N$verticalDirection":0}],"_anchorPoint":{"__type__":"cc.Vec2","x":1},"_contentSize":{"__type__":"cc.Size","width":88,"height":640},"_position":{"__type__":"cc.Vec2","x":-635,"y":-660}},{"__type__":"cc.Node","_name":"Progress","_parent":{"__id__":8},"_components":[{"__type__":"cc.Sprite","node":{"__id__":38},"_spriteFrame":{"__uuid__":"a2MjXRFdtLlYQ5ouAFv/+R"},"_sizeMode":0}],"_color":{"__type__":"cc.Color","g":255,"b":48},"_anchorPoint":{"__type__":"cc.Vec2","x":1},"_contentSize":{"__type__":"cc.Size","width":15,"height":10},"_position":{"__type__":"cc.Vec2","x":-635,"y":-660}},{"__type__":"cc.Node","_name":"Snail","_parent":{"__id__":8},"_components":[{"__type__":"cc.Sprite","node":{"__id__":39},"_spriteFrame":{"__uuid__":"e04HUTySpLjrV1MUtGqF0u"}},{"__type__":"cc.Animation","node":{"__id__":39},"_defaultClip":{"__uuid__":"33SENiRa9HaoVGJb5u4qui"},"_clips":[{"__uuid__":"33SENiRa9HaoVGJb5u4qui"},{"__uuid__":"95MP3W5+1Lqa7pgoE4WeGC"},{"__uuid__":"83Gw5flfhBnKQ69iZgse/u"},{"__uuid__":"18s00mTe9JVKbPLKw3q5zj"}]}],"_contentSize":{"__type__":"cc.Size","width":288,"height":288},"_position":{"__type__":"cc.Vec2","x":-600,"y":-640}},{"__type__":"cc.Node","_name":"OptionNode","_parent":{"__id__":8},"_children":[{"__id__":41},{"__id__":49},{"__id__":57},{"__id__":65}],"_components":[{"__type__":"cc.Widget","node":{"__id__":40},"_alignFlags":9}],"_anchorPoint":{"__type__":"cc.Vec2"},"_position":{"__type__":"cc.Vec2","x":-1024,"y":768}},{"__type__":"cc.Node","_name":"A","_parent":{"__id__":40},"_children":[{"__id__":42}],"_components":[{"__type__":"da367Pv2PdKUaiId+5E+3re","node":{"__id__":41},"textLabel":{"__id__":48}}]},{"__type__":"cc.Node","_name":"Firefly","_parent":{"__id__":41},"_children":[{"__id__":43},{"__id__":44},{"__id__":45},{"__id__":46}],"_components":[{"__type__":"cc.Animation","node":{"__id__":42},"_defaultClip":{"__uuid__":"18DMgLvvlA6YJPz1GP9K5X"},"_clips":[{"__uuid__":"18DMgLvvlA6YJPz1GP9K5X"},{"__uuid__":"369UMa0GBIYpJo4eKsY4tS"}]}],"_opacity":0,"_position":{"__type__":"cc.Vec2","x":-834,"y":-872}},{"__type__":"cc.Node","_name":"chibang_l","_parent":{"__id__":42},"_components":[{"__type__":"cc.Sprite","node":{"__id__":43},"_spriteFrame":{"__uuid__":"5dnJegrqpIbpo/EJgKtanu"}},{"__type__":"cc.Animation","node":{"__id__":43},"_defaultClip":{"__uuid__":"08+oaHsVtFpqZ/DS6IGL1V"},"_clips":[{"__uuid__":"08+oaHsVtFpqZ/DS6IGL1V"}],"playOnLoad":true}],"_anchorPoint":{"__type__":"cc.Vec2","x":1,"y":0.5},"_contentSize":{"__type__":"cc.Size","width":75,"height":68},"_rotationX":-23,"_rotationY":-23,"_position":{"__type__":"cc.Vec2","x":-38}},{"__type__":"cc.Node","_name":"chibang_r","_parent":{"__id__":42},"_components":[{"__type__":"cc.Sprite","node":{"__id__":44},"_spriteFrame":{"__uuid__":"0e2rQSG/1EfZFfXTtT5NgT"}},{"__type__":"cc.Animation","node":{"__id__":44},"_defaultClip":{"__uuid__":"3ew6/+delECJU9vfcyInRd"},"_clips":[{"__uuid__":"3ew6/+delECJU9vfcyInRd"}],"playOnLoad":true}],"_anchorPoint":{"__type__":"cc.Vec2","y":0.5},"_contentSize":{"__type__":"cc.Size","width":76,"height":67},"_rotationX":23,"_rotationY":23,"_position":{"__type__":"cc.Vec2","x":38}},{"__type__":"cc.Node","_name":"Sprite","_parent":{"__id__":42},"_components":[{"__type__":"cc.Sprite","node":{"__id__":45},"_spriteFrame":{"__uuid__":"89oWz+KwxJgp5dDPh9sbk2"}}],"_contentSize":{"__type__":"cc.Size","width":125,"height":215}},{"__type__":"cc.Node","_name":"Option","_parent":{"__id__":42},"_children":[{"__id__":47}],"_components":[{"__type__":"cc.Button","node":{"__id__":46},"clickEvents":[{"__type__":"cc.ClickEvent","target":{"__id__":41},"component":"OptionClick","handler":"buttonClick"}],"_N$target":{"__id__":46}}],"_contentSize":{"__type__":"cc.Size","width":215,"height":215}},{"__type__":"cc.Node","_name":"Label","_parent":{"__id__":46},"_components":[{"__id__":48},{"__type__":"cc.LabelOutline","node":{"__id__":47},"_color":{"__type__":"cc.Color","r":64,"g":7,"b":88},"_width":2}],"_contentSize":{"__type__":"cc.Size","width":32,"height":86},"_position":{"__type__":"cc.Vec2","y":-20}},{"__type__":"cc.Label","node":{"__id__":47},"_useOriginalSize":false,"_actualFontSize":86,"_fontSize":86,"_lineHeight":86,"_N$string":"1","_N$horizontalAlign":1,"_N$verticalAlign":1,"_N$fontFamily":"FZY4JW--GB1-0"},{"__type__":"cc.Node","_name":"B","_parent":{"__id__":40},"_children":[{"__id__":50}],"_components":[{"__type__":"da367Pv2PdKUaiId+5E+3re","node":{"__id__":49},"textLabel":{"__id__":56}}]},{"__type__":"cc.Node","_name":"Firefly","_parent":{"__id__":49},"_children":[{"__id__":51},{"__id__":52},{"__id__":53},{"__id__":54}],"_components":[{"__type__":"cc.Animation","node":{"__id__":50},"_defaultClip":{"__uuid__":"bcv6ukSc9HHJZg/mHqDqr8"},"_clips":[{"__uuid__":"bcv6ukSc9HHJZg/mHqDqr8"},{"__uuid__":"e4HqZDeAFMAalLH+r/USm0"}]}],"_opacity":0,"_position":{"__type__":"cc.Vec2","x":559,"y":-1029}},{"__type__":"cc.Node","_name":"chibang_l","_parent":{"__id__":50},"_components":[{"__type__":"cc.Sprite","node":{"__id__":51},"_spriteFrame":{"__uuid__":"5dnJegrqpIbpo/EJgKtanu"}},{"__type__":"cc.Animation","node":{"__id__":51},"_defaultClip":{"__uuid__":"08+oaHsVtFpqZ/DS6IGL1V"},"_clips":[{"__uuid__":"08+oaHsVtFpqZ/DS6IGL1V"}],"playOnLoad":true}],"_anchorPoint":{"__type__":"cc.Vec2","x":1,"y":0.5},"_contentSize":{"__type__":"cc.Size","width":75,"height":68},"_rotationX":-23,"_rotationY":-23,"_position":{"__type__":"cc.Vec2","x":-38}},{"__type__":"cc.Node","_name":"chibang_r","_parent":{"__id__":50},"_components":[{"__type__":"cc.Sprite","node":{"__id__":52},"_spriteFrame":{"__uuid__":"0e2rQSG/1EfZFfXTtT5NgT"}},{"__type__":"cc.Animation","node":{"__id__":52},"_defaultClip":{"__uuid__":"3ew6/+delECJU9vfcyInRd"},"_clips":[{"__uuid__":"3ew6/+delECJU9vfcyInRd"}],"playOnLoad":true}],"_anchorPoint":{"__type__":"cc.Vec2","y":0.5},"_contentSize":{"__type__":"cc.Size","width":76,"height":67},"_rotationX":23,"_rotationY":23,"_position":{"__type__":"cc.Vec2","x":38}},{"__type__":"cc.Node","_name":"Sprite","_parent":{"__id__":50},"_components":[{"__type__":"cc.Sprite","node":{"__id__":53},"_spriteFrame":{"__uuid__":"89oWz+KwxJgp5dDPh9sbk2"}}],"_contentSize":{"__type__":"cc.Size","width":125,"height":215}},{"__type__":"cc.Node","_name":"Option","_parent":{"__id__":50},"_children":[{"__id__":55}],"_components":[{"__type__":"cc.Button","node":{"__id__":54},"clickEvents":[{"__type__":"cc.ClickEvent","target":{"__id__":49},"component":"OptionClick","handler":"buttonClick"}],"_N$target":{"__id__":54}}],"_contentSize":{"__type__":"cc.Size","width":215,"height":215}},{"__type__":"cc.Node","_name":"Label","_parent":{"__id__":54},"_components":[{"__id__":56},{"__type__":"cc.LabelOutline","node":{"__id__":55},"_color":{"__type__":"cc.Color","r":64,"g":7,"b":88},"_width":2}],"_contentSize":{"__type__":"cc.Size","width":49,"height":86},"_position":{"__type__":"cc.Vec2","y":-20}},{"__type__":"cc.Label","node":{"__id__":55},"_useOriginalSize":false,"_actualFontSize":86,"_fontSize":86,"_lineHeight":86,"_N$string":"2","_N$horizontalAlign":1,"_N$verticalAlign":1,"_N$fontFamily":"FZY4JW--GB1-0"},{"__type__":"cc.Node","_name":"C","_parent":{"__id__":40},"_children":[{"__id__":58}],"_components":[{"__type__":"da367Pv2PdKUaiId+5E+3re","node":{"__id__":57},"textLabel":{"__id__":64}}]},{"__type__":"cc.Node","_name":"Firefly","_parent":{"__id__":57},"_children":[{"__id__":59},{"__id__":60},{"__id__":61},{"__id__":62}],"_components":[{"__type__":"cc.Animation","node":{"__id__":58},"_defaultClip":{"__uuid__":"27OoWRPZRHUpor1P+3stfe"},"_clips":[{"__uuid__":"27OoWRPZRHUpor1P+3stfe"},{"__uuid__":"58ifh34ZhEGaFVTfeWZwNl"}]}],"_opacity":0,"_position":{"__type__":"cc.Vec2","x":359,"y":-868}},{"__type__":"cc.Node","_name":"chibang_l","_parent":{"__id__":58},"_components":[{"__type__":"cc.Sprite","node":{"__id__":59},"_spriteFrame":{"__uuid__":"5dnJegrqpIbpo/EJgKtanu"}},{"__type__":"cc.Animation","node":{"__id__":59},"_defaultClip":{"__uuid__":"08+oaHsVtFpqZ/DS6IGL1V"},"_clips":[{"__uuid__":"08+oaHsVtFpqZ/DS6IGL1V"}],"playOnLoad":true}],"_anchorPoint":{"__type__":"cc.Vec2","x":1,"y":0.5},"_contentSize":{"__type__":"cc.Size","width":75,"height":68},"_rotationX":-23,"_rotationY":-23,"_position":{"__type__":"cc.Vec2","x":-38}},{"__type__":"cc.Node","_name":"chibang_r","_parent":{"__id__":58},"_components":[{"__type__":"cc.Sprite","node":{"__id__":60},"_spriteFrame":{"__uuid__":"0e2rQSG/1EfZFfXTtT5NgT"}},{"__type__":"cc.Animation","node":{"__id__":60},"_defaultClip":{"__uuid__":"3ew6/+delECJU9vfcyInRd"},"_clips":[{"__uuid__":"3ew6/+delECJU9vfcyInRd"}],"playOnLoad":true}],"_anchorPoint":{"__type__":"cc.Vec2","y":0.5},"_contentSize":{"__type__":"cc.Size","width":76,"height":67},"_rotationX":23,"_rotationY":23,"_position":{"__type__":"cc.Vec2","x":38}},{"__type__":"cc.Node","_name":"Sprite","_parent":{"__id__":58},"_components":[{"__type__":"cc.Sprite","node":{"__id__":61},"_spriteFrame":{"__uuid__":"89oWz+KwxJgp5dDPh9sbk2"}}],"_contentSize":{"__type__":"cc.Size","width":125,"height":215}},{"__type__":"cc.Node","_name":"Option","_parent":{"__id__":58},"_children":[{"__id__":63}],"_components":[{"__type__":"cc.Button","node":{"__id__":62},"clickEvents":[{"__type__":"cc.ClickEvent","target":{"__id__":57},"component":"OptionClick","handler":"buttonClick"}],"_N$target":{"__id__":62}}],"_contentSize":{"__type__":"cc.Size","width":215,"height":215}},{"__type__":"cc.Node","_name":"Label","_parent":{"__id__":62},"_components":[{"__id__":64},{"__type__":"cc.LabelOutline","node":{"__id__":63},"_color":{"__type__":"cc.Color","r":64,"g":7,"b":88},"_width":2}],"_contentSize":{"__type__":"cc.Size","width":49,"height":86},"_position":{"__type__":"cc.Vec2","y":-20}},{"__type__":"cc.Label","node":{"__id__":63},"_useOriginalSize":false,"_actualFontSize":86,"_fontSize":86,"_lineHeight":86,"_N$string":"3","_N$horizontalAlign":1,"_N$verticalAlign":1,"_N$fontFamily":"FZY4JW--GB1-0"},{"__type__":"cc.Node","_name":"D","_parent":{"__id__":40},"_children":[{"__id__":66}],"_components":[{"__type__":"da367Pv2PdKUaiId+5E+3re","node":{"__id__":65},"textLabel":{"__id__":72}}]},{"__type__":"cc.Node","_name":"Firefly","_parent":{"__id__":65},"_children":[{"__id__":67},{"__id__":68},{"__id__":69},{"__id__":70}],"_components":[{"__type__":"cc.Animation","node":{"__id__":66},"_defaultClip":{"__uuid__":"fbBB5nFCtEp7SeMUFsYqhT"},"_clips":[{"__uuid__":"fbBB5nFCtEp7SeMUFsYqhT"},{"__uuid__":"6cQsPtPQxAhYu4eNC9z7kb"}]}],"_opacity":0,"_position":{"__type__":"cc.Vec2","x":122,"y":-1016}},{"__type__":"cc.Node","_name":"chibang_l","_parent":{"__id__":66},"_components":[{"__type__":"cc.Sprite","node":{"__id__":67},"_spriteFrame":{"__uuid__":"5dnJegrqpIbpo/EJgKtanu"}},{"__type__":"cc.Animation","node":{"__id__":67},"_defaultClip":{"__uuid__":"08+oaHsVtFpqZ/DS6IGL1V"},"_clips":[{"__uuid__":"08+oaHsVtFpqZ/DS6IGL1V"}],"playOnLoad":true}],"_anchorPoint":{"__type__":"cc.Vec2","x":1,"y":0.5},"_contentSize":{"__type__":"cc.Size","width":75,"height":68},"_rotationX":-23,"_rotationY":-23,"_position":{"__type__":"cc.Vec2","x":-38}},{"__type__":"cc.Node","_name":"chibang_r","_parent":{"__id__":66},"_components":[{"__type__":"cc.Sprite","node":{"__id__":68},"_spriteFrame":{"__uuid__":"0e2rQSG/1EfZFfXTtT5NgT"}},{"__type__":"cc.Animation","node":{"__id__":68},"_defaultClip":{"__uuid__":"3ew6/+delECJU9vfcyInRd"},"_clips":[{"__uuid__":"3ew6/+delECJU9vfcyInRd"}],"playOnLoad":true}],"_anchorPoint":{"__type__":"cc.Vec2","y":0.5},"_contentSize":{"__type__":"cc.Size","width":76,"height":67},"_rotationX":23,"_rotationY":23,"_position":{"__type__":"cc.Vec2","x":38}},{"__type__":"cc.Node","_name":"Sprite","_parent":{"__id__":66},"_components":[{"__type__":"cc.Sprite","node":{"__id__":69},"_spriteFrame":{"__uuid__":"89oWz+KwxJgp5dDPh9sbk2"}}],"_contentSize":{"__type__":"cc.Size","width":125,"height":215}},{"__type__":"cc.Node","_name":"Option","_parent":{"__id__":66},"_children":[{"__id__":71}],"_components":[{"__type__":"cc.Button","node":{"__id__":70},"clickEvents":[{"__type__":"cc.ClickEvent","target":{"__id__":65},"component":"OptionClick","handler":"buttonClick"}],"_N$target":{"__id__":70}}],"_contentSize":{"__type__":"cc.Size","width":215,"height":215}},{"__type__":"cc.Node","_name":"Label","_parent":{"__id__":70},"_components":[{"__id__":72},{"__type__":"cc.LabelOutline","node":{"__id__":71},"_color":{"__type__":"cc.Color","r":64,"g":7,"b":88},"_width":2}],"_contentSize":{"__type__":"cc.Size","width":49,"height":86},"_position":{"__type__":"cc.Vec2","y":-20}},{"__type__":"cc.Label","node":{"__id__":71},"_useOriginalSize":false,"_actualFontSize":86,"_fontSize":86,"_lineHeight":86,"_N$string":"4","_N$horizontalAlign":1,"_N$verticalAlign":1,"_N$fontFamily":"FZY4JW--GB1-0"},{"__type__":"cc.Node","_name":"Frog","_parent":{"__id__":8},"_children":[{"__id__":74},{"__id__":75},{"__id__":76}],"_components":[{"__type__":"cc.Sprite","node":{"__id__":73},"_spriteFrame":{"__uuid__":"44WPnezWNF6YocMmAgKz+T"}},{"__type__":"cc.Animation","node":{"__id__":73},"_defaultClip":{"__uuid__":"b8B2m8WNZJR5nPCTm+/gun"},"_clips":[{"__uuid__":"b8B2m8WNZJR5nPCTm+/gun"},{"__uuid__":"4ccgkwYRdP4LMHNfR2DdIM"}]}],"_contentSize":{"__type__":"cc.Size","width":397,"height":297},"_position":{"__type__":"cc.Vec2","x":81,"y":-590}},{"__type__":"cc.Node","_name":"tongue","_parent":{"__id__":73},"_components":[{"__type__":"cc.Sprite","node":{"__id__":74},"_spriteFrame":{"__uuid__":"bbFjYKpbFE74UgKH6M6GTc"}},{"__type__":"cc.Animation","node":{"__id__":74},"_clips":[{"__uuid__":"2dE5DC1JpN4Lowri87bcW/"},{"__uuid__":"51ZigKExhNCauGYpvlwkNf"},{"__uuid__":"4438gwBKBELLv1XZbl5Ofu"},{"__uuid__":"48gpWaUXtGj4Ps6e4prolp"}]}],"_anchorPoint":{"__type__":"cc.Vec2","x":0.5},"_contentSize":{"__type__":"cc.Size","width":26,"height":618},"_scaleY":0,"_position":{"__type__":"cc.Vec2","x":-15,"y":20}},{"__type__":"cc.Node","_name":"Hand_L","_parent":{"__id__":73},"_components":[{"__type__":"cc.Sprite","node":{"__id__":75},"_spriteFrame":{"__uuid__":"2eql6CIkVMwqbIcCCNhNl1"}},{"__type__":"cc.Animation","node":{"__id__":75},"_defaultClip":{"__uuid__":"557Jz3aIZIcKso0DsPcr+I"},"_clips":[{"__uuid__":"557Jz3aIZIcKso0DsPcr+I"}]}],"_anchorPoint":{"__type__":"cc.Vec2","x":0.43,"y":1},"_contentSize":{"__type__":"cc.Size","width":63,"height":126},"_scaleY":0,"_position":{"__type__":"cc.Vec2","x":-37,"y":-33}},{"__type__":"cc.Node","_name":"Hand_R","_parent":{"__id__":73},"_components":[{"__type__":"cc.Sprite","node":{"__id__":76},"_spriteFrame":{"__uuid__":"ecjVNr4bBIMZcQtYauq8gI"}},{"__type__":"cc.Animation","node":{"__id__":76},"_defaultClip":{"__uuid__":"b9cs6WhxZPe6uWZO/Vv4s5"},"_clips":[{"__uuid__":"b9cs6WhxZPe6uWZO/Vv4s5"}]}],"_anchorPoint":{"__type__":"cc.Vec2","x":0.58,"y":1},"_contentSize":{"__type__":"cc.Size","width":62,"height":127},"_scaleY":0,"_position":{"__type__":"cc.Vec2","x":35,"y":-31}},{"__type__":"cc.Node","_name":"BubbleNode","_parent":{"__id__":8},"_components":[{"__type__":"cc.Widget","node":{"__id__":77},"_alignFlags":12}],"_position":{"__type__":"cc.Vec2","x":-1024,"y":-768}},{"__type__":"cc.Node","_name":"FeedbackNode","_parent":{"__id__":8},"_children":[{"__id__":79}],"_active":false,"_components":[{"__type__":"cc.Widget","node":{"__id__":78},"_alignFlags":18}]},{"__type__":"cc.Node","_name":"loseTime","_parent":{"__id__":78},"_components":[{"__type__":"cc.Label","node":{"__id__":79},"_useOriginalSize":false,"_actualFontSize":82,"_fontSize":82,"_lineHeight":82,"_N$string":"时间: -3秒","_N$horizontalAlign":1,"_N$verticalAlign":1,"_N$fontFamily":"FZY4JW--GB1-0"},{"__type__":"cc.LabelOutline","node":{"__id__":79},"_color":{"__type__":"cc.Color","r":11,"g":43,"b":61},"_width":5},{"__type__":"cc.Widget","node":{"__id__":79},"_alignFlags":18}],"_opacity":0,"_color":{"__type__":"cc.Color","r":255,"g":222},"_contentSize":{"__type__":"cc.Size","width":357.59,"height":82}},{"__type__":"cc.Node","_name":"Sources","_parent":{"__id__":2},"_components":[{"__type__":"8238fly/oBDsZKpOZKUp+0+","node":{"__id__":80},"lawnNightTex":{"__uuid__":"7dbM4RMcZL/btoPqMOKTqP"},"lawnTex":{"__uuid__":"7f5YUmLGdF6oZVkwqWBiMy"},"lightTex":{"__uuid__":"aadSmXe49ONaAVbXZx4ipp"},"lightNightTex":{"__uuid__":"7a7cRIRNBFUaKRdb4YgZ32"},"questionTex":{"__uuid__":"a4698fwIpHUL6URO++dqml"},"questionNightTex":{"__uuid__":"e29LeNBl9Kp6wGAOg4G35O"},"frogRight":{"__uuid__":"f8NQ0JE9tPeJai/TAZhuau"},"frogNomal":{"__uuid__":"44WPnezWNF6YocMmAgKz+T"},"fronBody":{"__uuid__":"a6zbVS9ttKi5xfXdepAKAu"},"chong1":{"__uuid__":"89oWz+KwxJgp5dDPh9sbk2"},"chong2":{"__uuid__":"94SaCNpPJFyakFJt9wLrzN"},"rightAudio":{"__uuid__":"8elKXrU9lJzKccRrSVCrFn"},"wrongAudio":{"__uuid__":"097ZyeJWVOEaq0J1LPzjeN"}}]}],{"__type__":"cc.SpriteFrame","content":{"name":"woniu_pa_00005","texture":"33guFEJm1Ke75ubIDk70Qs","rect":[0,0,288,288],"offset":[0,0],"originalSize":[288,288]}},{"__type__":"cc.SpriteFrame","content":{"name":"btnNext1","texture":"ebNyUFTdVCNb9Cx2uXDagb","rect":[16,19,47,42],"offset":[-0.5,0],"originalSize":[80,80]}},{"__type__":"cc.SpriteFrame","content":{"name":"woniu_pa_00010","texture":"feKI6QOHxII7cqb+wAZwF1","rect":[0,0,288,288],"offset":[0,0],"originalSize":[288,288]}},{"__type__":"cc.SpriteFrame","content":{"name":"woniu_pa_00007","texture":"36lx084MFH/Z2HkUB0fMJU","rect":[0,0,288,288],"offset":[0,0],"originalSize":[288,288]}},{"__type__":"cc.SpriteFrame","content":{"name":"dati_woniushentou_00014","texture":"a6gXs2rIxAjYzyXUQfSnkD","rect":[0,0,288,288],"offset":[0,0],"originalSize":[288,288]}},{"__type__":"cc.SpriteFrame","content":{"name":"qingwa_fennu_1","texture":"c3yAZ4bntO46zOlJ6QGskm","rect":[0,0,300,360],"offset":[0,0],"originalSize":[300,360]}},{"__type__":"cc.SpriteFrame","content":{"name":"btnLast1","texture":"50Dl9iuXZI1Ziem7wZ8IPe","rect":[14,20,52,40],"offset":[0,0],"originalSize":[80,80]}},{"__type__":"cc.SpriteFrame","content":{"name":"star_00013","texture":"feN+gBNNtOd5Pe3k6CeUsf","rect":[0,0,400,400],"offset":[0,0],"originalSize":[400,400]}},{"__type__":"cc.SpriteFrame","content":{"name":"dati_woniushentou_00011","texture":"cadYBHheJOar3/AlWNRsuf","rect":[0,0,288,288],"offset":[0,0],"originalSize":[288,288]}},{"__type__":"cc.SpriteFrame","content":{"name":"qingwa_zhangzui_00010","texture":"4cZJsGlctDYIO5ez2JH9as","rect":[0,0,397,297],"offset":[0,0],"originalSize":[397,297]}},{"__type__":"cc.SpriteFrame","content":{"name":"kaichang_woniu_00002","texture":"41/GV+3vRE3pBOEqV5Hg3t","rect":[0,0,288,288],"offset":[0,0],"originalSize":[288,288]}},{"__type__":"cc.SpriteFrame","content":{"name":"kaichang_woniu_00020","texture":"69TWvL5oNMuLotKvA50jHd","rect":[0,0,288,288],"offset":[0,0],"originalSize":[288,288]}},{"__type__":"cc.SpriteFrame","content":{"name":"star_00008","texture":"47vZv1IcNAN7mY2Cgk4vzs","rect":[0,0,400,400],"offset":[0,0],"originalSize":[400,400]}},{"__type__":"cc.SpriteFrame","content":{"name":"star_00000","texture":"c3Z8m2loFOfI9SCyei12H4","rect":[0,0,400,400],"offset":[0,0],"originalSize":[400,400]}},{"__type__":"cc.SpriteFrame","content":{"name":"bg","texture":"a8cBCBrcRM8rV4DotBdpnM","rect":[0,0,2048,1536],"offset":[0,0],"originalSize":[2048,1536]}},{"__type__":"cc.SpriteFrame","content":{"name":"congratulations","texture":"933gxy/e1MqJr3xg64xci7","rect":[0,0,430,380],"offset":[0,0],"originalSize":[430,380]}},{"__type__":"cc.SpriteFrame","content":{"name":"star_00011","texture":"ffC/BchqNPJ609ZWsibt47","rect":[0,0,400,400],"offset":[0,0],"originalSize":[400,400]}},{"__type__":"cc.SpriteFrame","content":{"name":"qingwa_zhangzui_00011","texture":"ddfor0bVdEt6Oaylpt90RK","rect":[0,0,397,297],"offset":[0,0],"originalSize":[397,297]}},{"__type__":"cc.SpriteFrame","content":{"name":"dati_woniushentou_00006","texture":"13EtFqDlRKN6XRVDh89CFa","rect":[0,0,288,288],"offset":[0,0],"originalSize":[288,288]}},{"__type__":"cc.SpriteFrame","content":{"name":"dati_woniushentou_00018","texture":"be2Hyl/2tAnYkFBAI0PG/5","rect":[0,0,288,288],"offset":[0,0],"originalSize":[288,288]}},{"__type__":"cc.SpriteFrame","content":{"name":"kaichang_woniu_00008","texture":"3esJLQcvNA8bK4JC65YcjC","rect":[0,0,288,288],"offset":[0,0],"originalSize":[288,288]}},{"__type__":"cc.SpriteFrame","content":{"name":"qingwa_zhangzui_00002","texture":"b2d4nn0C5F7oDq/MPzwhny","rect":[0,0,397,297],"offset":[0,0],"originalSize":[397,297]}},{"__type__":"cc.SpriteFrame","content":{"name":"timu_bg_night","texture":"f8jsGiVpFOz5z8I6pVcd7e","rect":[0,0,1364,275],"offset":[0,0],"originalSize":[1364,275],"capInsets":[50,50,50,50]}},{"__type__":"cc.AnimationClip","_name":"Go_B","_duration":1.72,"sample":25,"curveData":{"props":{"position":[{"frame":0,"value":[985,-1029]},{"frame":0.32,"value":[985,-1029]},{"frame":0.64,"value":[739,-1296]},{"frame":1,"value":[619,-1133]},{"frame":1.36,"value":[1124,-1258]},{"frame":1.72,"value":[1411,-1029]}],"opacity":[{"frame":0,"value":255,"curve":"constant"},{"frame":1.72,"value":0}]}}},{"__type__":"cc.SpriteFrame","content":{"name":"qingwa_zhangzui_00005","texture":"1d+B97c2BCVqI65R5nzjtB","rect":[0,0,397,297],"offset":[0,0],"originalSize":[397,297]}},{"__type__":"cc.SpriteFrame","content":{"name":"woniu_pa_00003","texture":"cfyKEpTLFDmpRhY6Wi06Ms","rect":[0,0,288,288],"offset":[0,0],"originalSize":[288,288]}},{"__type__":"cc.SpriteFrame","content":{"name":"dati_woniushentou_00002","texture":"38Tm5eC29ORb+D4n+i1p4K","rect":[0,0,288,288],"offset":[0,0],"originalSize":[288,288]}},{"__type__":"cc.AnimationClip","_name":"fishOnLoad","_duration":0.84,"sample":25,"curveData":{"props":{"x":[{"frame":0,"value":2149},{"frame":0.36,"value":1951},{"frame":0.8,"value":1864}],"y":[{"frame":0,"value":162},{"frame":0.36,"value":58},{"frame":0.8,"value":95}],"rotation":[{"frame":0,"value":-13},{"frame":0.36,"value":-24},{"frame":0.8,"value":0}]},"paths":{"小鱼":{"props":{"x":[],"y":[],"rotation":[]}}},"comps":{"cc.Sprite":{}}},"events":[{"frame":0.84,"func":"firstFeedbackFinish","params":[]}]},{"__type__":"cc.SpriteFrame","content":{"name":"jiesuan_qingwa_hand_r","texture":"14K0Mt741G1JOVFQW0QdCh","rect":[0,0,62,127],"offset":[0,0],"originalSize":[62,127]}},{"__type__":"cc.SpriteFrame","content":{"name":"kaichang_woniu_00019","texture":"e3Vbi1ybNH1Jm0qmF++XEJ","rect":[0,0,288,288],"offset":[0,0],"originalSize":[288,288]}},{"__type__":"cc.SpriteFrame","content":{"name":"kaichang_woniu_00007","texture":"ab32eukJxFu4j6mxXeX9HJ","rect":[0,0,288,288],"offset":[0,0],"originalSize":[288,288]}},{"__type__":"cc.SpriteFrame","content":{"name":"qingwa_weixiao","texture":"08vIZ+BiZLhJZ5Ud2CjO9w","rect":[0,0,197,260],"offset":[0,0],"originalSize":[197,260]}},{"__type__":"cc.AnimationClip","_name":"OptionD","_duration":1.72,"sample":25,"curveData":{"props":{"position":[{"frame":0,"value":[122,-1016]},{"frame":0.32,"value":[122,-1016]},{"frame":0.64,"value":[163,-1144]},{"frame":1,"value":[670,-850]},{"frame":1.36,"value":[1176,-1086]},{"frame":1.72,"value":[1462,-1086]}],"opacity":[{"frame":0,"value":255,"curve":"constant"}]}}},{"__type__":"cc.SpriteFrame","content":{"name":"paopao","texture":"a8s+kOGAVCrbs0YDEglUnF","rect":[0,0,92,86],"offset":[0,0],"originalSize":[92,86]}}]