{
  "f883ebbc-3f22-4e88-9abf-dfe3ff2540b9": {
    "asset": 1532509784020,
    "meta": 1521603671000,
    "relativePath": "base"
  },
  "f4c579d5-840d-4310-af2e-0dd054403157": {
    "asset": 1509099324000,
    "meta": 1510625289000,
    "relativePath": "base/LocalSaveJS.js"
  },
  "aac537d9-ab9e-48ec-ac02-c0cc4abf54bf": {
    "asset": 1533450928173,
    "meta": 1521611757000,
    "relativePath": "scripts"
  },
  "30935e75-cd5a-4ba7-8023-095cebb7a890": {
    "asset": 1521603721000,
    "meta": 1521603721000,
    "relativePath": "scripts/scalebg.js"
  },
  "558fbe73-31b6-47c1-9716-4570148540a3": {
    "asset": 1532396650764,
    "meta": 1525862065000,
    "relativePath": "components"
  },
  "17cc4b42-ab12-4ae8-b34a-8442896d2129": {
    "asset": 1506067093000,
    "meta": 1525335402000,
    "relativePath": "components/Clock"
  },
  "d41f3691-ce36-479a-885d-d9e99d23b7fa": {
    "asset": 1506067093000,
    "meta": 1525335402000,
    "relativePath": "components/Clock/time_node.prefab"
  },
  "a2fc7679-24e1-4d33-a14f-862c47fbec71": {
    "asset": 1525335351000,
    "meta": 1525335402000,
    "relativePath": "components/efailed"
  },
  "c86dfd4e-f0c8-4402-b6cc-56c211ebb23f": {
    "asset": 1506067093000,
    "meta": 1525335402000,
    "relativePath": "components/Clock/clock.png"
  },
  "9b649733-6399-4f13-9f81-6f655938c9b8": {
    "asset": 1525330296000,
    "meta": 1525335402000,
    "relativePath": "components/efailed/efailed.js"
  },
  "5deb0808-75e1-4a1c-be99-8dfbb0097b2d": {
    "asset": 1525335327000,
    "meta": 1525335402000,
    "relativePath": "components/efailed/efailed.prefab"
  },
  "d1ae1137-419f-4e28-8cfa-39229d8d7cbd": {
    "asset": 1532507537201,
    "meta": 1525335402000,
    "relativePath": "components/Options"
  },
  "174e1bee-a172-4290-8a23-c4d111200a7e": {
    "asset": 1525330078000,
    "meta": 1525335402000,
    "relativePath": "components/efailed/efailed.png"
  },
  "b0b46e9d-3c51-48d5-9083-3047b0837aa4": {
    "asset": 1525332478000,
    "meta": 1525335402000,
    "relativePath": "components/Options/ColliderListener.js"
  },
  "cec4f065-189d-4dc3-9433-8ebd49ceb471": {
    "asset": 1525334687000,
    "meta": 1525335402000,
    "relativePath": "components/Options/OptionJS1.js"
  },
  "69fd494b-7c30-4981-9559-81be76fd6e26": {
    "asset": 1525331994000,
    "meta": 1525335402000,
    "relativePath": "components/panel"
  },
  "ac1ee8ca-292d-4826-9620-34634fd19c4b": {
    "asset": 1509099324000,
    "meta": 1525335402000,
    "relativePath": "components/QuestionList"
  },
  "5e908ce9-90e6-43b8-88c3-4f671116558d": {
    "asset": 1506067093000,
    "meta": 1525335402000,
    "relativePath": "components/QuestionList/btnLast.png"
  },
  "500e5f62-b976-48d5-989e-9bbc19f083de": {
    "asset": 1506067093000,
    "meta": 1525335402000,
    "relativePath": "components/QuestionList/btnLast1.png"
  },
  "b39f0f1b-0f7a-4478-8883-c94324f0a926": {
    "asset": 1506067093000,
    "meta": 1525335402000,
    "relativePath": "components/QuestionList/btnNext.png"
  },
  "eb372505-4dd5-4235-bf42-c76b970da81b": {
    "asset": 1506067093000,
    "meta": 1525335402000,
    "relativePath": "components/QuestionList/btnNext1.png"
  },
  "ee535342-837c-413b-b66d-5994ba0b3ea8": {
    "asset": 1509099324000,
    "meta": 1525335402000,
    "relativePath": "components/QuestionList/QuestionNum"
  },
  "784e417a-0d2c-47e9-bdb2-e6592f54da67": {
    "asset": 1509099324000,
    "meta": 1525335402000,
    "relativePath": "components/QuestionList/QuestionNum/numBg1.png"
  },
  "a970b8d8-d76b-4c79-ada8-2a299786a030": {
    "asset": 1509099324000,
    "meta": 1525335402000,
    "relativePath": "components/QuestionList/QuestionNum/numBg.png"
  },
  "6e8f92f9-4a65-4236-b44b-b1d4836d3cf1": {
    "asset": 1509099324000,
    "meta": 1525335402000,
    "relativePath": "components/QuestionList/QuestionNum/questionNum.prefab"
  },
  "511cc9d4-84f7-4457-9b0c-4479263cd7f6": {
    "asset": 1509099324000,
    "meta": 1525335402000,
    "relativePath": "components/QuestionList/QuestionNum/QuestionNumJS.js"
  },
  "7a656236-dee9-402b-b903-01281aedfd17": {
    "asset": 1506067093000,
    "meta": 1525335402000,
    "relativePath": "components/QuestionList/QuestionNumListJS.js"
  },
  "b4e78f21-77d1-4e68-a07d-cf4c2d0ed8c9": {
    "asset": 1525760034000,
    "meta": 1525770336000,
    "relativePath": "components/settlement"
  },
  "676a0999-88dd-4521-a251-00753c191f88": {
    "asset": 1506067093000,
    "meta": 1525335402000,
    "relativePath": "components/QuestionList/questionNumScrollView_node.prefab"
  },
  "bb5a8594-187a-489c-9282-e7840a8ff4ba": {
    "asset": 1525328481000,
    "meta": 1525328481000,
    "relativePath": "components/settlement/glow_dots.plist"
  },
  "d9b67104-161f-4004-9bec-9af8fdc39278": {
    "asset": 1525328481000,
    "meta": 1525335402000,
    "relativePath": "components/settlement/flash_p.png"
  },
  "003f303f-ce14-452b-8d24-eb7b92d5431a": {
    "asset": 1525328481000,
    "meta": 1525335402000,
    "relativePath": "components/settlement/glow.png"
  },
  "5a4805df-efbc-4846-887f-eb0eec8ef11d": {
    "asset": 1525328481000,
    "meta": 1525335402000,
    "relativePath": "components/settlement/lose.anim"
  },
  "0c0b66f5-48c9-41aa-8df4-a9de03ebfa80": {
    "asset": 1525328481000,
    "meta": 1525335402000,
    "relativePath": "components/settlement/win.anim"
  },
  "20bdc4ce-9217-478c-8cb5-5fd1b5a4bb37": {
    "asset": 1525759936000,
    "meta": 1525770336000,
    "relativePath": "components/Title"
  },
  "6e5fafc1-9ba0-475b-8097-e355793e7e58": {
    "asset": 1525329805000,
    "meta": 1525335402000,
    "relativePath": "components/TipsNode.prefab"
  },
  "4ea10a77-9487-4472-9031-096e4c89bc6b": {
    "asset": 1506067093000,
    "meta": 1525335402000,
    "relativePath": "components/Title/title_node.prefab"
  },
  "5b283222-47f0-4180-b90d-fb36b3262829": {
    "asset": 1506067093000,
    "meta": 1525335402000,
    "relativePath": "components/Title/TitleJS.js"
  },
  "cd1ec6e0-e5e2-4d93-8f63-fc785bfcb7e4": {
    "asset": 1532499928920,
    "meta": 1525335402000,
    "relativePath": "resources"
  },
  "aa6169f2-8bfe-4c75-9dcd-0507c1a17cf7": {
    "asset": 1506067093000,
    "meta": 1525335402000,
    "relativePath": "components/Title/biaotikuang-zhong.png"
  },
  "6cb504e5-611f-4cb8-9a2d-9f92ecd2941d": {
    "asset": 1525328386000,
    "meta": 1525335402000,
    "relativePath": "resources/lose.png"
  },
  "d3dad86f-842a-4dc7-876d-50ab5cbb6562": {
    "asset": 1525328386000,
    "meta": 1525335402000,
    "relativePath": "resources/time_up.png"
  },
  "dfa60f30-f407-4897-a73c-fcb49ff0924f": {
    "asset": 1525328386000,
    "meta": 1525335402000,
    "relativePath": "resources/win.png"
  },
  "5f2e94ee-4b52-4210-8206-f792d547c69c": {
    "asset": 1533459854378,
    "meta": 1525862065000,
    "relativePath": "textures"
  },
  "1dbeb532-d32a-456e-a647-9bdfcba96c36": {
    "asset": 1525328495000,
    "meta": 1525335403000,
    "relativePath": "textures/yindaoyeshou.png"
  },
  "cf1a55dd-95d0-4cae-996f-d51afe8fea96": {
    "asset": 1525328495000,
    "meta": 1525335403000,
    "relativePath": "textures/tra_bg.png"
  },
  "edbc9d42-bbd7-48da-a399-a9c1b2637102": {
    "asset": 1532396650000,
    "meta": 1525862065000,
    "relativePath": "textures/penguin"
  },
  "f8e6b000-5643-4b86-9080-aa680ce1f599": {
    "asset": 1530675298000,
    "meta": 1530675298000,
    "relativePath": "image"
  },
  "fc09f9bd-2cce-4605-b630-8145ef809ed6": {
    "asset": 1530675298000,
    "meta": 1530675298000,
    "relativePath": "misc"
  },
  "2be36297-9abb-4fee-8049-9ed5e271da8a": {
    "asset": 1530675298000,
    "meta": 1530675298000,
    "relativePath": "misc/default_video.mp4"
  },
  "f6e6dd15-71d1-4ffe-ace7-24fd39942c05": {
    "asset": 1530675298000,
    "meta": 1530675298000,
    "relativePath": "obsolete"
  },
  "b8223619-7e38-47c4-841f-9160c232495a": {
    "asset": 1530675298000,
    "meta": 1530675298000,
    "relativePath": "obsolete/atom.plist"
  },
  "f743d2b6-b7ea-4c14-a55b-547ed4d0a045": {
    "asset": 1530675298000,
    "meta": 1530675298000,
    "relativePath": "particle"
  },
  "b2687ac4-099e-403c-a192-ff477686f4f5": {
    "asset": 1530675298000,
    "meta": 1530675298000,
    "relativePath": "particle/atom.plist"
  },
  "ae6c6c98-11e4-452f-8758-75f5c6a56e83": {
    "asset": 1530675298000,
    "meta": 1530675298000,
    "relativePath": "prefab"
  },
  "c0e4e3a0-b011-41b6-82d6-c31f202631fe": {
    "asset": 1533552906591,
    "meta": 1533552906615,
    "relativePath": "CocosGame.fire"
  },
  "f68b86ca-b6a7-4acd-907e-b940835d8954": {
    "asset": 1525340077000,
    "meta": 1532396657485,
    "relativePath": "components/Options/OptionJS.js"
  },
  "518c6132-8265-45ed-a67e-374194a42f7e": {
    "asset": 1525338422000,
    "meta": 1532396657524,
    "relativePath": "components/panel/question_panel.js"
  },
  "dd7590ea-06a5-4456-82d0-163f5ac68aac": {
    "asset": 1525862575000,
    "meta": 1532396657526,
    "relativePath": "components/settlement/settlement.js"
  },
  "104ae325-b4b3-4d21-af5d-e350fb7449ba": {
    "asset": 1525862495000,
    "meta": 1532396657538,
    "relativePath": "components/settlement/settlement.prefab"
  },
  "7d7ed0c8-4211-4004-915a-ec2f76e293bd": {
    "asset": 1532499457699,
    "meta": 1531968787000,
    "relativePath": "scripts/expansion"
  },
  "52143e30-ba92-4702-a65e-bce0953b25a5": {
    "asset": 1532073045000,
    "meta": 1532396657774,
    "relativePath": "scripts/scale.js"
  },
  "7c517472-8732-499d-8ed3-82b476e1d19d": {
    "asset": 1532078838000,
    "meta": 1532396657808,
    "relativePath": "textures/option_right.png"
  },
  "84db10ea-fd71-4013-a96e-fb437928472d": {
    "asset": 1532078838000,
    "meta": 1532396657828,
    "relativePath": "textures/option_wrong.png"
  },
  "662087b1-8505-48bd-a27a-4160ff49346a": {
    "asset": 1525405750000,
    "meta": 1532396657832,
    "relativePath": "textures/penguin/penguin_ske.json"
  },
  "1dec71b1-8cbc-48af-be1d-beb786805a05": {
    "asset": 1525405750000,
    "meta": 1532396657866,
    "relativePath": "textures/penguin/penguin_tex.png"
  },
  "5a386651-5c42-4779-8702-d225d71ed57b": {
    "asset": 1525405750000,
    "meta": 1532396658037,
    "relativePath": "textures/penguin/penguin_tex.json"
  },
  "52471943-9378-43ee-845e-bb004d1eafa3": {
    "asset": 1532078838000,
    "meta": 1532396657878,
    "relativePath": "textures/bg.png"
  },
  "f9dea8a0-19f6-40b9-9f5e-b04cf486b611": {
    "asset": 1532078838000,
    "meta": 1532396657898,
    "relativePath": "textures/question_bg.png"
  },
  "71561142-4c83-4933-afca-cb7a17f67053": {
    "asset": 1530675298000,
    "meta": 1533546563016,
    "relativePath": "image/default_btn_disabled.png"
  },
  "e851e89b-faa2-4484-bea6-5c01dd9f06e2": {
    "asset": 1530675298000,
    "meta": 1533546563014,
    "relativePath": "image/default_btn_normal.png"
  },
  "d81ec8ad-247c-4e62-aa3c-d35c4193c7af": {
    "asset": 1530675298000,
    "meta": 1533546563048,
    "relativePath": "image/default_panel.png"
  },
  "b43ff3c2-02bb-4874-81f7-f2dea6970f18": {
    "asset": 1530675298000,
    "meta": 1533546563047,
    "relativePath": "image/default_btn_pressed.png"
  },
  "99170b0b-d210-46f1-b213-7d9e3f23098a": {
    "asset": 1530675298000,
    "meta": 1533546563074,
    "relativePath": "image/default_progressbar_bg.png"
  },
  "cfef78f1-c8df-49b7-8ed0-4c953ace2621": {
    "asset": 1530675298000,
    "meta": 1533546563076,
    "relativePath": "image/default_progressbar.png"
  },
  "567dcd80-8bf4-4535-8a5a-313f1caf078a": {
    "asset": 1530675298000,
    "meta": 1533546563096,
    "relativePath": "image/default_radio_button_off.png"
  },
  "9d60001f-b5f4-4726-a629-2659e3ded0b8": {
    "asset": 1530675298000,
    "meta": 1533546563098,
    "relativePath": "image/default_radio_button_on.png"
  },
  "4bab67cb-18e6-4099-b840-355f0473f890": {
    "asset": 1530675298000,
    "meta": 1533546563120,
    "relativePath": "image/default_scrollbar_bg.png"
  },
  "617323dd-11f4-4dd3-8eec-0caf6b3b45b9": {
    "asset": 1530675298000,
    "meta": 1533546563126,
    "relativePath": "image/default_scrollbar_vertical_bg.png"
  },
  "d6d3ca85-4681-47c1-b5dd-d036a9d39ea2": {
    "asset": 1530675298000,
    "meta": 1533546563142,
    "relativePath": "image/default_scrollbar_vertical.png"
  },
  "0291c134-b3da-4098-b7b5-e397edbe947f": {
    "asset": 1530675298000,
    "meta": 1533546563148,
    "relativePath": "image/default_scrollbar.png"
  },
  "0275e94c-56a7-410f-bd1a-fc7483f7d14a": {
    "asset": 1530675298000,
    "meta": 1533546563151,
    "relativePath": "image/default_sprite_splash.png"
  },
  "6e056173-d285-473c-b206-40a7fff5386e": {
    "asset": 1530675298000,
    "meta": 1533546563176,
    "relativePath": "image/default_sprite.png"
  },
  "73a0903d-d80e-4e3c-aa67-f999543c08f5": {
    "asset": 1530675298000,
    "meta": 1533546563177,
    "relativePath": "image/default_toggle_checkmark.png"
  },
  "c25b9d50-c8fc-4d27-beeb-6e7c1f2e5c0f": {
    "asset": 1530675298000,
    "meta": 1533546563196,
    "relativePath": "image/default_toggle_disabled.png"
  },
  "d29077ba-1627-4a72-9579-7b56a235340c": {
    "asset": 1530675298000,
    "meta": 1533546563202,
    "relativePath": "image/default_toggle_normal.png"
  },
  "972b9a4d-47ee-4c74-b5c3-61d8a69bc29f": {
    "asset": 1530675298000,
    "meta": 1533546563206,
    "relativePath": "prefab/button.prefab"
  },
  "2c937608-2562-40ea-b264-7395df6f0cea": {
    "asset": 1530675298000,
    "meta": 1533546563207,
    "relativePath": "prefab/canvas.prefab"
  },
  "61aeb05b-3b32-452b-8eed-2b76deeed554": {
    "asset": 1530675298000,
    "meta": 1533546563208,
    "relativePath": "prefab/editbox.prefab"
  },
  "27756ebb-3d33-44b0-9b96-e858fadd4dd4": {
    "asset": 1530675298000,
    "meta": 1533546563209,
    "relativePath": "prefab/label.prefab"
  },
  "785a442c-3ceb-45be-a46e-7317f625f3b9": {
    "asset": 1530675298000,
    "meta": 1533546563211,
    "relativePath": "prefab/layout.prefab"
  },
  "b181c1e4-0a72-4a91-bfb0-ae6f36ca60bd": {
    "asset": 1530675298000,
    "meta": 1533546563215,
    "relativePath": "image/default_toggle_pressed.png"
  },
  "ca8401fe-ad6e-41a8-bd46-8e3e4e9945be": {
    "asset": 1530675298000,
    "meta": 1533546563213,
    "relativePath": "prefab/pageview.prefab"
  },
  "cd33edea-55f5-46c2-958d-357a01384a36": {
    "asset": 1530675298000,
    "meta": 1533546563216,
    "relativePath": "prefab/particlesystem.prefab"
  },
  "5965ffac-69da-4b55-bcde-9225d0613c28": {
    "asset": 1530675298000,
    "meta": 1533546563217,
    "relativePath": "prefab/progressBar.prefab"
  },
  "4a37dd57-78cd-4cec-aad4-f11a73d12b63": {
    "asset": 1530675298000,
    "meta": 1533546563218,
    "relativePath": "prefab/richtext.prefab"
  },
  "32044bd2-481f-4cf1-a656-e2b2fb1594eb": {
    "asset": 1530675298000,
    "meta": 1533546563225,
    "relativePath": "prefab/scrollview.prefab"
  },
  "0004d1cf-a0ad-47d8-ab17-34d3db9d35a3": {
    "asset": 1530675298000,
    "meta": 1533546563227,
    "relativePath": "prefab/slider.prefab"
  },
  "1f55e3be-b89b-4b79-88de-47fd31018044": {
    "asset": 1530675298000,
    "meta": 1533546563228,
    "relativePath": "prefab/sprite_splash.prefab"
  },
  "96083d03-c332-4a3f-9386-d03e2d19e8ee": {
    "asset": 1530675298000,
    "meta": 1533546563229,
    "relativePath": "prefab/sprite.prefab"
  },
  "7de03a80-4457-438d-95a7-3e7cdffd6086": {
    "asset": 1530675298000,
    "meta": 1533546563230,
    "relativePath": "prefab/tiledmap.prefab"
  },
  "0d784963-d024-4ea6-a7db-03be0ad63010": {
    "asset": 1530675298000,
    "meta": 1533546563232,
    "relativePath": "prefab/toggle.prefab"
  },
  "bf0a434c-84dd-4a8e-a08a-7a36f180cc75": {
    "asset": 1530675298000,
    "meta": 1533546563232,
    "relativePath": "prefab/toggleContainer.prefab"
  },
  "d1b8be49-b0a0-435c-83b7-552bed4bbe35": {
    "asset": 1530675298000,
    "meta": 1533546563236,
    "relativePath": "prefab/toggleGroup.prefab"
  },
  "232d2782-c4bd-4bb4-9e01-909f03d6d3b9": {
    "asset": 1530675298000,
    "meta": 1533546563236,
    "relativePath": "prefab/videoplayer.prefab"
  },
  "8c5001fd-07ee-4a4b-a8a0-63e15195e94d": {
    "asset": 1530675298000,
    "meta": 1533546563238,
    "relativePath": "prefab/webview.prefab"
  },
  "5b1bec4d-3ec8-4820-b507-6939c1d8e799": {
    "asset": 1532426641982,
    "meta": 1532426698631,
    "relativePath": "textures/halfCircle.png"
  },
  "8feba05d-73a6-4d30-ae8d-9c77b752965b": {
    "asset": 1532437136343,
    "meta": 1532437664723,
    "relativePath": "scripts/NetworkJS_Data.js"
  },
  "cf100a42-7536-4320-b94a-19956ad86ec2": {
    "asset": 1532485050452,
    "meta": 1532485067120,
    "relativePath": "textures/time.png"
  },
  "a355fcec-9e8f-4411-8ab4-e5514776cfa6": {
    "asset": 1532485580142,
    "meta": 1532485580178,
    "relativePath": "textures/bg_rounded.png"
  },
  "7cfe4208-389a-4ee4-b46a-d089fd90c0d3": {
    "asset": 1532488103934,
    "meta": 1532488610459,
    "relativePath": "resources/audio/fold.mp3"
  },
  "73055cbe-5e61-4e6d-b3e2-7d54a24f44ce": {
    "asset": 1532488084111,
    "meta": 1532488610460,
    "relativePath": "resources/audio/lose.mp3"
  },
  "d422f9a6-8047-426d-b6ab-ae197ebfa1b4": {
    "asset": 1532488088019,
    "meta": 1532488610460,
    "relativePath": "resources/audio/click.mp3"
  },
  "ab6533b5-dd15-44bb-8760-466ed52aca2e": {
    "asset": 1532488091451,
    "meta": 1532488610461,
    "relativePath": "resources/audio/win.mp3"
  },
  "0d2e6b54-cbbd-465a-b84b-ee53d8f4df25": {
    "asset": 1532488674089,
    "meta": 1532488652466,
    "relativePath": "resources/audio"
  },
  "01b0bee0-1b15-4059-a1c8-f22765cceb1e": {
    "asset": 1532499920687,
    "meta": 1532499920692,
    "relativePath": "pinyin.prefab"
  },
  "48d50762-ed6f-4b8f-966a-c0183a078c59": {
    "asset": 1532500047274,
    "meta": 1532500051668,
    "relativePath": "scripts/pinyin.js"
  },
  "e8dd384e-a1e5-47e8-9fd7-3f3beade1675": {
    "asset": 1532503974721,
    "meta": 1532503974727,
    "relativePath": "tips_shou.anim"
  },
  "cd804332-09f4-478b-804b-8b2f8eae4b61": {
    "asset": 1532511293178,
    "meta": 1532511302303,
    "relativePath": "base/NetworkJS.js"
  },
  "d5325ada-973d-4a36-9058-d9d923e48a83": {
    "asset": 1533298783401,
    "meta": 1533298872717,
    "relativePath": "base/BaseGameJS.js"
  },
  "cf7e71e3-97ca-4102-934a-57368f5d1d1c": {
    "asset": 1533450877646,
    "meta": 1533450923016,
    "relativePath": "scripts/config.js"
  },
  "be26daff-eb55-42fc-8022-8a997decb6b2": {
    "asset": 1533551584759,
    "meta": 1533552045519,
    "relativePath": "scripts/expansion/three.min.js"
  },
  "d92c8b11-a480-4c04-ab3f-4732c88d32cd": {
    "asset": 1533552358894,
    "meta": 1533552363006,
    "relativePath": "scripts/GameJS.js"
  }
}