{
  "__type__": "cc.AnimationClip",
  "_name": "lose",
  "_objFlags": 0,
  "_rawFiles": null,
  "_duration": 2,
  "sample": 60,
  "speed": 1,
  "wrapMode": 1,
  "curveData": {
    "paths": {
      "background": {
        "props": {
          "opacity": [
            {
              "frame": 0.08333333333333333,
              "value": 0
            },
            {
              "frame": 0.16666666666666666,
              "value": 255
            },
            {
              "frame": 2,
              "value": 255
            }
          ],
          "active": [
            {
              "frame": 0,
              "value": true
            }
          ]
        }
      },
      "scale/glow": {
        "props": {
          "scaleX": [
            {
              "frame": 0.08333333333333333,
              "value": 0
            },
            {
              "frame": 0.15,
              "value": 10
            }
          ],
          "scaleY": [
            {
              "frame": 0.08333333333333333,
              "value": 0
            },
            {
              "frame": 0.15,
              "value": 10
            }
          ],
          "opacity": [
            {
              "frame": 0.13333333333333333,
              "value": 255
            },
            {
              "frame": 0.3,
              "value": 0
            }
          ]
        }
      },
      "scale/glow_dots": {
        "props": {
          "active": [
            {
              "frame": 0,
              "value": false
            }
          ]
        }
      },
      "scale/title": {
        "props": {
          "scaleX": [
            {
              "frame": 0.08333333333333333,
              "value": 0
            },
            {
              "frame": 0.2,
              "value": 1.15
            },
            {
              "frame": 0.2833333333333333,
              "value": 0.9
            },
            {
              "frame": 0.35,
              "value": 1.03
            },
            {
              "frame": 0.4,
              "value": 1
            }
          ],
          "scaleY": [
            {
              "frame": 0.08333333333333333,
              "value": 0
            },
            {
              "frame": 0.2,
              "value": 1.15
            },
            {
              "frame": 0.2833333333333333,
              "value": 0.9
            },
            {
              "frame": 0.35,
              "value": 1.03
            },
            {
              "frame": 0.4,
              "value": 1
            }
          ]
        }
      },
      "scale/seal": {
        "props": {
          "position": [
            {
              "frame": 0.08333333333333333,
              "value": [
                -660,
                -284
              ]
            },
            {
              "frame": 0.25,
              "value": [
                -460,
                -284
              ]
            }
          ],
          "scaleX": [
            {
              "frame": 0.08333333333333333,
              "value": 1.4
            },
            {
              "frame": 0.25,
              "value": 0.85
            }
          ],
          "scaleY": [
            {
              "frame": 0.08333333333333333,
              "value": 1.4
            },
            {
              "frame": 0.25,
              "value": 0.85
            }
          ],
          "opacity": [
            {
              "frame": 0.08333333333333333,
              "value": 0
            },
            {
              "frame": 0.25,
              "value": 255
            }
          ]
        }
      },
      "scale/crab": {
        "props": {
          "scaleX": [
            {
              "frame": 0.08333333333333333,
              "value": 1.4
            },
            {
              "frame": 0.25,
              "value": 0.85
            }
          ],
          "scaleY": [
            {
              "frame": 0.08333333333333333,
              "value": 1.4
            },
            {
              "frame": 0.25,
              "value": 0.85
            }
          ],
          "opacity": [
            {
              "frame": 0.08333333333333333,
              "value": 0
            },
            {
              "frame": 0.25,
              "value": 255
            }
          ]
        }
      },
      "scale/turtle": {
        "props": {
          "scaleX": [
            {
              "frame": 0.08333333333333333,
              "value": 1.4
            },
            {
              "frame": 0.25,
              "value": 0.85
            }
          ],
          "scaleY": [
            {
              "frame": 0.08333333333333333,
              "value": 1.4
            },
            {
              "frame": 0.25,
              "value": 0.85
            }
          ],
          "opacity": [
            {
              "frame": 0.08333333333333333,
              "value": 0
            },
            {
              "frame": 0.25,
              "value": 255
            }
          ],
          "position": [
            {
              "frame": 0.08333333333333333,
              "value": [
                660,
                -284
              ]
            },
            {
              "frame": 0.25,
              "value": [
                460,
                -284
              ]
            }
          ]
        }
      }
    }
  },
  "events": []
}