{"frameRate":30,"version":"4.5","isGlobal":0,"name":"penguin","armature":[{"frameRate":30,"defaultActions":[{"gotoAndPlay":"stand"}],"bone":[{"transform":{},"name":"root"},{"length":16,"parent":"root","transform":{"skX":-90,"skY":-90,"x":98.662},"name":"core"},{"length":68,"parent":"core","transform":{"y":-98.962,"skX":0.6314,"skY":0.6314,"x":0.6},"name":"body"},{"length":28,"parent":"core","transform":{"y":-98.912,"skX":88.5755,"skY":88.5755,"x":-1.7},"name":"shadow"},{"length":6,"parent":"core","transform":{"y":-40.7552,"skX":164.5623,"skY":164.5623,"x":98.517},"name":"tears"},{"length":4,"parent":"core","transform":{"y":-31.0528,"skX":145.3487,"skY":145.3487,"x":106.45},"name":"tears1"},{"length":4,"parent":"core","transform":{"y":-136.1919,"skX":-168.8182,"skY":-168.8182,"x":97.9665},"name":"tears3"},{"length":3,"parent":"core","transform":{"y":-141.843,"skX":-162.3156,"skY":-162.3156,"x":104.1369},"name":"tears2"},{"length":4,"parent":"body","transform":{"y":-21.3839,"skX":89.3686,"skY":89.3686,"x":120.9217},"name":"eye_r"},{"length":31,"parent":"body","transform":{"y":68.5247,"skX":136.3078,"skY":136.3078,"x":93.4109},"name":"hand_l"},{"length":40,"parent":"body","transform":{"y":-71.1197,"skX":-141.7311,"skY":-141.7311,"x":96.6721},"name":"hand_r"},{"length":5,"parent":"body","transform":{"y":44.3621,"skX":-90.6314,"skY":-90.6314,"x":121.6463},"name":"eye_l"},{"length":22,"parent":"body","transform":{"y":31.7346,"skX":172.0564,"skY":172.0564,"x":10.6504},"name":"foot_l"},{"length":24,"parent":"body","transform":{"y":-27.3789,"skX":-179.1179,"skY":-179.1179,"x":11.549},"name":"foot_r"}],"animation":[{"duration":60,"bone":[{"frame":[{"duration":60,"transform":{}}],"name":"root"},{"frame":[{"duration":60,"transform":{}}],"name":"core"},{"frame":[{"duration":30,"curve":[0.5,0,0.5,1],"transform":{"scX":0.98,"scY":1.02}},{"duration":30,"curve":[0.5,0,0.5,1],"transform":{"scX":1.02,"scY":0.98}},{"duration":0,"transform":{"scX":0.98,"scY":1.02}}],"name":"body"},{"frame":[{"duration":30,"curve":[0.5,0,0.5,1],"transform":{"scX":0.9,"skX":-3.1298,"skY":-3.1298}},{"duration":30,"curve":[0.5,0,0.5,1],"transform":{}},{"duration":0,"transform":{"scX":0.9,"skX":-3.1298,"skY":-3.1298}}],"name":"foot_l"},{"frame":[{"duration":30,"curve":[0.5,0,0.5,1],"transform":{"scX":0.9,"skX":5.8113,"skY":5.8113}},{"duration":30,"curve":[0.5,0,0.5,1],"transform":{}},{"duration":0,"transform":{"scX":0.9,"skX":5.8113,"skY":5.8113}}],"name":"foot_r"},{"frame":[{"duration":30,"curve":[0.5,0,0.5,1],"transform":{"scX":0.9,"skX":6.5464,"skY":6.5464}},{"duration":30,"curve":[0.5,0,0.5,1],"transform":{"skX":-6.1017,"skY":-6.1017}},{"duration":0,"transform":{"scX":0.9,"skX":6.5464,"skY":6.5464}}],"name":"hand_r"},{"frame":[{"duration":30,"curve":[0.5,0,0.5,1],"transform":{"scX":0.9,"skX":-7.4839,"skY":-7.4839}},{"duration":30,"curve":[0.5,0,0.5,1],"transform":{"skX":2.563,"skY":2.563}},{"duration":0,"transform":{"scX":0.9,"skX":-7.4839,"skY":-7.4839}}],"name":"hand_l"},{"frame":[{"duration":26,"transform":{}},{"duration":3,"tweenEasing":0,"transform":{}},{"duration":2,"tweenEasing":0,"transform":{"scY":0.01}},{"duration":3,"tweenEasing":0,"transform":{"scY":0.01}},{"duration":26,"transform":{}}],"name":"eye_r"},{"frame":[{"duration":26,"transform":{}},{"duration":3,"tweenEasing":0,"transform":{}},{"duration":2,"tweenEasing":0,"transform":{"scY":0.01}},{"duration":3,"tweenEasing":0,"transform":{"scY":0.01}},{"duration":26,"transform":{}}],"name":"eye_l"},{"frame":[{"duration":30,"curve":[0.5,0,0.5,1],"transform":{}},{"duration":30,"curve":[0.5,0,0.5,1],"transform":{"scX":0.9,"scY":0.9}},{"duration":0,"transform":{}}],"name":"shadow"},{"frame":[{"duration":60,"transform":{}}],"name":"tears"},{"frame":[{"duration":60,"transform":{}}],"name":"tears1"},{"frame":[{"duration":60,"transform":{}}],"name":"tears2"},{"frame":[{"duration":60,"transform":{}}],"name":"tears3"}],"slot":[],"frame":[],"playTimes":0,"ffd":[],"name":"stand"},{"duration":16,"bone":[{"frame":[{"duration":16,"transform":{}}],"name":"root"},{"frame":[{"duration":16,"transform":{}}],"name":"core"},{"frame":[{"duration":4,"curve":[0.5,0,0.5,1],"transform":{"scX":0.96,"skX":-3.6314,"scY":1.02,"skY":-3.6314}},{"duration":4,"curve":[0.5,0,0.5,1],"transform":{"scX":1.02,"skX":-0.6314,"scY":0.98,"skY":-0.6314,"x":4.6352}},{"duration":4,"curve":[0.5,0,0.5,1],"transform":{"scX":0.96,"skX":2.3686,"scY":1.02,"skY":2.3686}},{"duration":4,"curve":[0.5,0,0.5,1],"transform":{"scX":1.02,"skX":-0.6314,"scY":0.98,"skY":-0.6314,"x":4.6352}},{"duration":0,"transform":{"scX":0.96,"skX":-3.6314,"scY":1.02,"skY":-3.6314}}],"name":"body"},{"frame":[{"duration":8,"curve":[0.5,0,0.5,1],"transform":{"scX":0.6,"skX":4.3613,"skY":4.3613}},{"duration":8,"curve":[0.5,0,0.5,1],"transform":{"y":0.5898,"skX":-10.417,"skY":-10.417,"x":-5.1417}},{"duration":0,"transform":{"scX":0.6,"skX":4.3172,"skY":4.3172}}],"name":"foot_l"},{"frame":[{"duration":8,"curve":[0.5,0,0.5,1],"transform":{"y":-0.2077,"skX":12.7565,"skY":12.7565,"x":-4.1278}},{"duration":8,"curve":[0.5,0,0.5,1],"transform":{"scX":0.6}},{"duration":0,"transform":{"y":-0.2077,"skX":12.7565,"skY":12.7565,"x":-4.1278}}],"name":"foot_r"},{"frame":[{"duration":8,"curve":[0.5,0,0.5,1],"transform":{"skX":-4.4985,"skY":-4.4985}},{"duration":8,"curve":[0.5,0,0.5,1],"transform":{"scX":0.8,"skX":40.1608,"skY":40.1608}},{"duration":0,"transform":{"skX":-4.4985,"skY":-4.4985}}],"name":"hand_r"},{"frame":[{"duration":8,"curve":[0.5,0,0.5,1],"transform":{"scX":0.8,"skX":-34.5073,"skY":-34.5073}},{"duration":8,"curve":[0.5,0,0.5,1],"transform":{"skX":9.05,"skY":9.05}},{"duration":0,"transform":{"scX":0.8,"skX":-34.5073,"skY":-34.5073}}],"name":"hand_l"},{"frame":[{"duration":8,"curve":[0.5,0,0.5,1],"transform":{"y":-1.2727,"scY":0.9,"x":-0.9472}},{"duration":8,"curve":[0.5,0,0.5,1],"transform":{"y":0.2311,"x":-0.8947}},{"duration":0,"transform":{"y":-1.2727,"scY":0.9,"x":-0.9472}}],"name":"eye_r"},{"frame":[{"duration":8,"curve":[0.5,0,0.5,1],"transform":{"y":-1.2727,"x":-0.9472}},{"duration":8,"curve":[0.5,0,0.5,1],"transform":{"y":0.3877,"scY":0.9,"x":-0.8892}},{"duration":0,"transform":{"y":-1.2727,"x":-0.9472}}],"name":"eye_l"},{"frame":[{"duration":4,"curve":[0.5,0,0.5,1],"transform":{}},{"duration":4,"curve":[0.5,0,0.5,1],"transform":{"scX":0.95,"scY":0.95}},{"duration":4,"curve":[0.5,0,0.5,1],"transform":{}},{"duration":4,"curve":[0.5,0,0.5,1],"transform":{"scX":0.95,"scY":0.95}},{"duration":0,"transform":{}}],"name":"shadow"},{"frame":[{"duration":16,"transform":{}}],"name":"tears"},{"frame":[{"duration":16,"transform":{}}],"name":"tears1"},{"frame":[{"duration":16,"transform":{}}],"name":"tears2"},{"frame":[{"duration":16,"transform":{}}],"name":"tears3"}],"slot":[],"frame":[],"playTimes":0,"ffd":[],"name":"move"},{"duration":35,"bone":[{"frame":[{"duration":35,"transform":{}}],"name":"root"},{"frame":[{"duration":35,"transform":{}}],"name":"core"},{"frame":[{"duration":4,"tweenEasing":0,"transform":{"scX":0.98,"scY":1.02}},{"duration":4,"tweenEasing":0,"transform":{"scX":1.05,"scY":0.98}},{"duration":4,"tweenEasing":0,"transform":{"scX":0.98,"scY":1.02}},{"duration":4,"tweenEasing":0,"transform":{"scX":1.04,"scY":0.98}},{"duration":4,"tweenEasing":0,"transform":{"scX":0.98,"scY":1.02}},{"duration":4,"tweenEasing":0,"transform":{"scX":1.02,"scY":0.99}},{"duration":11,"tweenEasing":0,"transform":{"scX":0.99,"scY":1.01}},{"duration":0,"transform":{}}],"name":"body"},{"frame":[{"duration":35,"transform":{}}],"name":"shadow"},{"frame":[{"duration":2,"transform":{}},{"duration":6,"tweenEasing":0,"transform":{"y":-2.8334,"scX":0.3,"skX":-72.41,"scY":0.3,"skY":-72.41,"x":12.3254}},{"duration":9,"tweenEasing":0,"transform":{"y":29.9437,"scX":0.7,"skX":-21.1227,"scY":0.7,"skY":-21.1227,"x":18.5218}},{"duration":4,"tweenEasing":0,"transform":{"y":61.0815,"skX":55.8083,"skY":55.8083,"x":-41.2377}},{"duration":6,"tweenEasing":0,"transform":{"y":-2.8334,"scX":0.3,"skX":-72.41,"scY":0.3,"skY":-72.41,"x":12.3254}},{"duration":8,"tweenEasing":0,"transform":{"y":29.9437,"scX":0.7,"skX":-21.1227,"scY":0.7,"skY":-21.1227,"x":18.5218}},{"duration":0,"transform":{"y":57.6217,"scX":0.9667,"skX":47.2604,"scY":0.9667,"skY":47.2604,"x":-34.5978}}],"name":"tears"},{"frame":[{"duration":7,"tweenEasing":0,"transform":{"y":36.3245,"scX":0.7667,"skX":-4.0269,"scY":0.7667,"skY":-4.0269,"x":4.6358}},{"duration":1,"tweenEasing":0,"transform":{"y":58.6572,"skX":55.8083,"skY":55.8083,"x":-43.965}},{"duration":6,"tweenEasing":0,"transform":{"y":-9.1971,"scX":0.3,"skX":-72.41,"scY":0.3,"skY":-72.41,"x":5.9617}},{"duration":9,"tweenEasing":0,"transform":{"y":28.2371,"scX":0.7,"skX":-21.1227,"scY":0.7,"skY":-21.1227,"x":12.5488}},{"duration":4,"tweenEasing":0,"transform":{"y":58.6572,"skX":55.8083,"skY":55.8083,"x":-43.965}},{"duration":6,"tweenEasing":0,"transform":{"y":-9.1971,"scX":0.3,"skX":-72.41,"scY":0.3,"skY":-72.41,"x":5.9617}},{"duration":2,"tweenEasing":0,"transform":{"y":28.806,"scX":0.7,"skX":-21.1227,"scY":0.7,"skY":-21.1227,"x":15.1087}},{"duration":0,"transform":{"y":36.3245,"scX":0.7667,"skX":-4.0269,"scY":0.7667,"skY":-4.0269,"x":4.6358}}],"name":"tears1"},{"frame":[{"duration":5,"tweenEasing":0,"transform":{"y":-58.5485,"scX":0.8333,"skX":31.0056,"scY":0.8333,"skY":31.0056,"x":-15.1696}},{"duration":1,"tweenEasing":0,"transform":{"y":-79.1331,"skX":-6.0873,"skY":-6.0873,"x":-48.357}},{"duration":6,"tweenEasing":0,"transform":{"y":6.8811,"scX":0.3,"skX":105.1913,"scY":0.3,"skY":105.1913,"x":16.2739}},{"duration":9,"tweenEasing":0,"transform":{"y":-47.8883,"scX":0.7,"skX":60.6799,"scY":0.7,"skY":60.6799,"x":18.5078}},{"duration":4,"tweenEasing":0,"transform":{"y":-83.9111,"skX":-6.0873,"skY":-6.0873,"x":-42.2591}},{"duration":6,"tweenEasing":0,"transform":{"y":6.8811,"scX":0.3,"skX":105.1913,"scY":0.3,"skY":105.1913,"x":16.2739}},{"duration":4,"tweenEasing":0,"transform":{"y":-42.0808,"scX":0.7,"skX":60.6799,"scY":0.7,"skY":60.6799,"x":11.3803}},{"duration":0,"transform":{"y":-58.5485,"scX":0.8333,"skX":31.0056,"scY":0.8333,"skY":31.0056,"x":-15.1696}}],"name":"tears3"},{"frame":[{"duration":6,"tweenEasing":0,"transform":{"y":6.8811,"scX":0.3,"skX":92.2852,"scY":0.3,"skY":92.2852,"x":11.1913}},{"duration":9,"tweenEasing":0,"transform":{"y":-42.0808,"scX":0.7,"skX":38.3857,"scY":0.7,"skY":38.3857,"x":15.076}},{"duration":4,"tweenEasing":0,"transform":{"y":-79.1331,"skX":-42.4636,"skY":-42.4636,"x":-48.357}},{"duration":6,"tweenEasing":0,"transform":{"y":6.8811,"scX":0.3,"skX":92.2852,"scY":0.3,"skY":92.2852,"x":11.1913}},{"duration":9,"tweenEasing":0,"transform":{"y":-42.0808,"scX":0.7,"skX":38.3857,"scY":0.7,"skY":38.3857,"x":11.3803}},{"duration":1,"transform":{"y":-79.1331,"skX":-42.4636,"skY":-42.4636,"x":-48.357}}],"name":"tears2"},{"frame":[{"duration":35,"transform":{}}],"name":"eye_r"},{"frame":[{"duration":4,"tweenEasing":0,"transform":{"skX":-4.3078,"skY":-4.3078}},{"duration":4,"tweenEasing":0,"transform":{"skX":6.6922,"skY":6.6922}},{"duration":4,"tweenEasing":0,"transform":{"skX":-4.3078,"skY":-4.3078}},{"duration":4,"tweenEasing":0,"transform":{"skX":4.6922,"skY":4.6922}},{"duration":4,"tweenEasing":0,"transform":{"skX":-2.3078,"skY":-2.3078}},{"duration":4,"tweenEasing":0,"transform":{"skX":1.6922,"skY":1.6922}},{"duration":11,"transform":{"skX":-0.3078,"skY":-0.3078}}],"name":"hand_l"},{"frame":[{"duration":4,"tweenEasing":0,"transform":{"skX":4.7311,"skY":4.7311}},{"duration":4,"tweenEasing":0,"transform":{"skX":-5.2689,"skY":-5.2689}},{"duration":4,"tweenEasing":0,"transform":{"skX":4.7311,"skY":4.7311}},{"duration":4,"tweenEasing":0,"transform":{"skX":-3.2689,"skY":-3.2689}},{"duration":4,"tweenEasing":0,"transform":{"skX":1.7311,"skY":1.7311}},{"duration":4,"tweenEasing":0,"transform":{"skX":-2.2689,"skY":-2.2689}},{"duration":11,"transform":{"skX":-0.2689,"skY":-0.2689}}],"name":"hand_r"},{"frame":[{"duration":35,"transform":{}}],"name":"eye_l"},{"frame":[{"duration":4,"tweenEasing":0,"transform":{"y":-1.5832,"skX":-138.0564,"skY":-138.0564,"x":-6.8145}},{"duration":4,"tweenEasing":0,"transform":{"y":-1.5832,"skX":-151.0564,"skY":-151.0564,"x":-6.8145}},{"duration":4,"tweenEasing":0,"transform":{"y":-1.5832,"skX":-138.0564,"skY":-138.0564,"x":-6.8145}},{"duration":4,"tweenEasing":0,"transform":{"y":-1.5832,"skX":-148.0564,"skY":-148.0564,"x":-6.8145}},{"duration":4,"tweenEasing":0,"transform":{"y":-1.5832,"skX":-142.0564,"skY":-142.0564,"x":-6.8145}},{"duration":15,"transform":{"y":-1.5832,"skX":-144.0564,"skY":-144.0564,"x":-6.8145}}],"name":"foot_l"},{"frame":[{"duration":4,"tweenEasing":0,"transform":{"y":2.9373,"skX":155.1359,"skY":155.1359,"x":-10.1632}},{"duration":4,"tweenEasing":0,"transform":{"y":2.9373,"skX":166.0446,"skY":166.0446,"x":-10.1632}},{"duration":4,"tweenEasing":0,"transform":{"y":2.9373,"skX":152.7194,"skY":152.7194,"x":-10.1632}},{"duration":4,"tweenEasing":0,"transform":{"y":2.9373,"skX":158.4396,"skY":158.4396,"x":-10.1632}},{"duration":4,"tweenEasing":0,"transform":{"y":2.9373,"skX":153.3941,"skY":153.3941,"x":-10.1632}},{"duration":15,"transform":{"y":2.9373,"skX":155.1359,"skY":155.1359,"x":-10.1632}}],"name":"foot_r"}],"slot":[{"name":"eye_l","frame":[{"duration":35,"tweenEasing":null,"displayIndex":-1}]},{"name":"eye_r","frame":[{"duration":35,"tweenEasing":null,"displayIndex":-1}]},{"name":"eyeball_r","frame":[{"duration":35,"tweenEasing":null}]},{"name":"eyeball_l","frame":[{"duration":35,"tweenEasing":null}]},{"name":"tears","frame":[{"duration":2,"tweenEasing":null,"displayIndex":-1},{"duration":3,"tweenEasing":0,"color":{"aM":0}},{"duration":7,"tweenEasing":0},{"duration":5,"tweenEasing":0},{"duration":4,"tweenEasing":0,"color":{"aM":0}},{"duration":3,"tweenEasing":0,"color":{"aM":0}},{"duration":7,"tweenEasing":0},{"duration":4,"tweenEasing":0},{"duration":0,"tweenEasing":null,"color":{"aM":19}}]},{"name":"tears1","frame":[{"duration":2,"tweenEasing":0,"displayIndex":-1},{"duration":5,"tweenEasing":0,"displayIndex":-1},{"duration":1,"tweenEasing":0,"displayIndex":-1,"color":{"aM":0}},{"duration":3,"tweenEasing":0,"color":{"aM":0}},{"duration":7,"tweenEasing":0},{"duration":5,"tweenEasing":0},{"duration":4,"tweenEasing":0,"color":{"aM":0}},{"duration":3,"tweenEasing":0,"color":{"aM":0}},{"duration":5,"tweenEasing":0},{"duration":0,"tweenEasing":null}]},{"name":"tears2","frame":[{"duration":3,"tweenEasing":0,"color":{"aM":0}},{"duration":7,"tweenEasing":0},{"duration":5,"tweenEasing":0},{"duration":4,"tweenEasing":0,"color":{"aM":0}},{"duration":3,"tweenEasing":0,"color":{"aM":0}},{"duration":7,"tweenEasing":0},{"duration":5,"tweenEasing":0},{"duration":1,"tweenEasing":null,"color":{"aM":0}}]},{"name":"tears3","frame":[{"duration":5,"tweenEasing":0},{"duration":1,"tweenEasing":0,"color":{"aM":0}},{"duration":3,"tweenEasing":0,"color":{"aM":0}},{"duration":7,"tweenEasing":0},{"duration":5,"tweenEasing":0},{"duration":4,"tweenEasing":0,"color":{"aM":0}},{"duration":3,"tweenEasing":0,"color":{"aM":0}},{"duration":7,"tweenEasing":0},{"duration":0,"tweenEasing":null}]}],"frame":[],"playTimes":0,"ffd":[],"name":"sad"},{"duration":28,"bone":[{"frame":[{"duration":28,"transform":{}}],"name":"root"},{"frame":[{"duration":28,"transform":{}}],"name":"core"},{"frame":[{"duration":4,"curve":[0.5,0,0.5,1],"transform":{}},{"duration":4,"curve":[0,0,0.5,1],"transform":{"scX":0.9,"scY":1.05}},{"duration":8,"tweenEasing":0,"transform":{"scX":1.04,"scY":0.9,"x":52.2445}},{"duration":4,"tweenEasing":0,"transform":{"x":70.2704}},{"duration":4,"curve":[0,0,0.5,1],"transform":{"scX":1.03,"scY":0.9}},{"duration":4,"curve":[0.5,0,0.5,1],"transform":{"scX":0.9,"scY":1.05}},{"duration":0,"transform":{}}],"name":"body"},{"frame":[{"duration":4,"tweenEasing":0,"transform":{}},{"duration":4,"tweenEasing":0,"transform":{"scX":1.1,"scY":1.1}},{"duration":8,"tweenEasing":0,"transform":{"scX":0.8,"scY":0.8}},{"duration":4,"tweenEasing":0,"transform":{"scX":0.7,"scY":0.7}},{"duration":4,"tweenEasing":0,"transform":{"scX":0.9,"scY":0.9}},{"duration":4,"tweenEasing":0,"transform":{"scX":1.1,"scY":1.1}},{"duration":0,"transform":{}}],"name":"shadow"},{"frame":[{"duration":28,"transform":{}}],"name":"tears"},{"frame":[{"duration":28,"transform":{}}],"name":"tears1"},{"frame":[{"duration":28,"transform":{}}],"name":"tears3"},{"frame":[{"duration":28,"transform":{}}],"name":"tears2"},{"frame":[{"duration":28,"transform":{}}],"name":"eye_r"},{"frame":[{"duration":4,"tweenEasing":0,"transform":{}},{"duration":4,"tweenEasing":0,"transform":{"skX":-59.4313,"skY":-59.4313}},{"duration":8,"tweenEasing":0,"transform":{"skX":14.11,"skY":14.11}},{"duration":4,"tweenEasing":0,"transform":{}},{"duration":4,"tweenEasing":0,"transform":{"skX":-25.2531,"skY":-25.2531}},{"duration":4,"tweenEasing":0,"transform":{"skX":-59.4313,"skY":-59.4313}},{"duration":0,"transform":{}}],"name":"hand_l"},{"frame":[{"duration":4,"tweenEasing":0,"transform":{}},{"duration":4,"tweenEasing":0,"transform":{"skX":55.4603,"skY":55.4603}},{"duration":8,"tweenEasing":0,"transform":{"skX":-8.7135,"skY":-8.7135}},{"duration":4,"tweenEasing":0,"transform":{}},{"duration":4,"tweenEasing":0,"transform":{"skX":25.619,"skY":25.619}},{"duration":4,"tweenEasing":0,"transform":{"skX":55.4603,"skY":55.4603}},{"duration":0,"transform":{}}],"name":"hand_r"},{"frame":[{"duration":28,"transform":{"y":-0.1675,"scX":0.96,"scY":0.96,"x":-0.5215}}],"name":"eye_l"},{"frame":[{"duration":4,"tweenEasing":0,"transform":{}},{"duration":4,"tweenEasing":0,"transform":{"y":0.0548,"scX":0.7,"skX":-7.0645,"skY":-7.0645,"x":-5.8038}},{"duration":8,"tweenEasing":0,"transform":{"y":0.0611,"scX":1.1,"scY":0.9,"x":-4.7962}},{"duration":4,"tweenEasing":0,"transform":{}},{"duration":4,"tweenEasing":0,"transform":{}},{"duration":4,"tweenEasing":0,"transform":{"y":0.0548,"scX":0.7,"skX":-7.0645,"skY":-7.0645,"x":-5.8038}},{"duration":0,"transform":{}}],"name":"foot_l"},{"frame":[{"duration":4,"tweenEasing":0,"transform":{}},{"duration":4,"tweenEasing":0,"transform":{"y":0.0719,"scX":0.7,"skX":10.5277,"skY":10.5277,"x":-7.6066}},{"duration":8,"tweenEasing":0,"transform":{"y":0.0756,"scX":1.1,"scY":0.9,"x":-5.9382}},{"duration":4,"tweenEasing":0,"transform":{}},{"duration":4,"tweenEasing":0,"transform":{}},{"duration":4,"tweenEasing":0,"transform":{"y":0.0719,"scX":0.7,"skX":10.5277,"skY":10.5277,"x":-7.6066}},{"duration":0,"transform":{}}],"name":"foot_r"}],"slot":[{"name":"eye_l","frame":[{"duration":28,"tweenEasing":null,"displayIndex":-1}]},{"name":"eye_r","frame":[{"duration":28,"tweenEasing":null,"displayIndex":-1}]},{"name":"eye_x","frame":[{"duration":28,"tweenEasing":null}]},{"name":"eye_x1","frame":[{"duration":28,"tweenEasing":null}]}],"frame":[],"playTimes":0,"ffd":[],"name":"happy"}],"aabb":{"x":-97.96072744888781,"y":-187.99580422256827,"width":191,"height":217},"ik":[],"type":"Armature","skin":[{"name":"","slot":[{"display":[{"type":"image","transform":{"y":-4.1061,"scX":-1,"skX":-101.1818,"skY":-101.1818,"x":-0.2295},"name":"tears","path":"tears"}],"name":"tears3"},{"display":[{"type":"image","transform":{"y":-4.1512,"skX":89.3686,"skY":89.3686,"x":89.8555},"name":"body","path":"body"}],"name":"body"},{"display":[{"type":"image","transform":{"y":3.0903,"skX":-79.8573,"skY":-79.8573,"x":-0.295},"name":"tears","path":"tears"}],"name":"tears"},{"display":[{"type":"image","transform":{"y":-0.6489,"skX":-82.6878,"skY":-82.6878,"x":10.5728},"name":"foot_l","path":"foot_l"}],"name":"foot_l"},{"display":[{"type":"image","transform":{"y":2.8877,"skX":-79.4897,"skY":-79.4897,"x":-0.9306},"name":"tears","path":"tears"}],"name":"tears1"},{"display":[{"type":"image","transform":{"y":-0.7458,"x":0.3893},"name":"eye_r","path":"eye_r"}],"name":"eye_r"},{"display":[{"type":"image","transform":{"y":-3.14,"scX":-1,"skX":-107.6844,"skY":-107.6844,"x":-0.7484},"name":"tears","path":"tears"}],"name":"tears2"},{"display":[{"type":"image","transform":{"y":1.3176,"skX":-180,"skY":-180,"x":0.537},"name":"eye_x","path":"eye_x"}],"name":"eye_x1"},{"display":[{"type":"image","transform":{"y":-1.5166,"skX":-46.9393,"skY":-46.9393,"x":12.7146},"name":"hand_l","path":"hand_l"}],"name":"hand_l"},{"display":[{"type":"image","transform":{"y":0.7458,"skX":180,"skY":180,"x":0.3607},"name":"eye_l","path":"eye_l"}],"name":"eye_l"},{"display":[{"type":"image","transform":{"y":-2.2881,"skX":-128.9003,"skY":-128.9003,"x":18.1401},"name":"hand_r","path":"hand_r"}],"name":"hand_r"},{"display":[{"type":"image","transform":{"y":0.6495,"skX":-180,"skY":-180,"x":1.6353},"name":"eyeball_l","path":"eyeball_l"}],"name":"eyeball_l"},{"display":[{"type":"image","transform":{"y":-0.9856,"x":-0.7065},"name":"eyeball_r","path":"eyeball_r"}],"name":"eyeball_r"},{"display":[{"type":"image","transform":{"y":0.0684,"skX":-91.5136,"skY":-91.5136,"x":12.9605},"name":"foot_r","path":"foot_r"}],"name":"foot_r"},{"display":[{"type":"image","transform":{"y":-0.2957,"x":0.1627},"name":"eye_x","path":"eye_x"}],"name":"eye_x"},{"display":[{"type":"image","transform":{"y":-0.7257,"skX":1.4245,"skY":1.4245,"x":-1.1931},"name":"shadow","path":"shadow"}],"name":"shadow"}]}],"name":"armatureName","slot":[{"color":{},"name":"shadow","parent":"shadow"},{"z":1,"color":{},"name":"hand_l","parent":"hand_l"},{"z":2,"color":{},"name":"body","parent":"body"},{"z":3,"color":{},"name":"foot_r","parent":"foot_r"},{"z":4,"color":{},"name":"foot_l","parent":"foot_l"},{"z":5,"color":{},"name":"hand_r","parent":"hand_r"},{"z":6,"color":{},"name":"eye_l","parent":"eye_l"},{"z":7,"color":{},"name":"eye_r","parent":"eye_r"},{"z":8,"displayIndex":-1,"color":{},"name":"eye_x","parent":"eye_r"},{"z":9,"displayIndex":-1,"color":{},"name":"eye_x1","parent":"eye_l"},{"z":10,"displayIndex":-1,"color":{},"name":"eyeball_r","parent":"eye_r"},{"z":11,"displayIndex":-1,"color":{},"name":"eyeball_l","parent":"eye_l"},{"z":12,"displayIndex":-1,"color":{},"name":"tears","parent":"tears"},{"z":13,"displayIndex":-1,"color":{},"name":"tears1","parent":"tears1"},{"z":14,"displayIndex":-1,"color":{},"name":"tears2","parent":"tears2"},{"z":15,"displayIndex":-1,"color":{},"name":"tears3","parent":"tears3"}]}]}