{
  "__type__": "cc.AnimationClip",
  "_name": "tips_shou",
  "_objFlags": 0,
  "_rawFiles": null,
  "_duration": 0.8,
  "sample": 20,
  "speed": 1,
  "wrapMode": "2",
  "curveData": {
    "props": {
      "position": [
        {
          "frame": 0,
          "value": [
            -247,
            -628
          ]
        },
        {
          "frame": 0.5,
          "value": [
            -285,
            -608
          ]
        },
        {
          "frame": 0.8,
          "value": [
            -247,
            -628
          ]
        }
      ]
    }
  },
  "events": []
}